Cx;Cy;W;H;Cx;Cy;W;H;Dist;Ang;Xc;Yc
0.615155;0.5367159999999999;0.011445;0.076111;3307.07328;1442.6926079999996;61.52832;204.586368;80.0;45.0;619.0732800000001;1143.0142080000005
0.585918;0.5641130000000001;0.016799;0.11218;3149.8951680000005;1516.3357440000002;90.311424;301.53984;50.0;34.0;461.89516800000047;1020.8943359999998
0.584105;0.577901;0.02338;0.135353;3140.14848;1553.397888;125.69088;363.828864;40.0;34.0;452.14847999999984;952.68768
0.541492;0.540851;0.012322999999999999;0.069817;2911.0609919999997;1453.807488;66.248448;187.66809600000002;80.0;18.0;223.06099199999971;1140.3584640000001
0.633459;0.5369700000000001;0.008383;0.050309;3405.475584;1443.3753600000002;45.067008;135.230592;100.0;45.0;717.4755839999998;1177.0093439999998
0.600477;0.6884960000000001;0.076836;0.337703;3228.1643520000002;1850.6772480000002;413.070336;907.7456639999999;10.0;34.0;540.1643520000002;383.44992
0.507739;0.59332;0.028638;0.172865;2729.6048640000004;1594.8441599999999;153.957888;464.66112;30.0;0.0;41.60486400000036;860.82528
0.506646;0.631517;0.04705;0.23919999999999997;2723.728896;1697.517696;252.9408;642.9695999999999;20.0;0.0;35.72889600000008;668.9975040000002
0.6074240000000001;0.529208;0.010973;0.052491;3265.5114240000003;1422.511104;58.990848;141.095808;120.0;34.0;577.5114240000003;1194.940992
0.508568;0.527136;0.008401;0.049392;2734.061568;1416.9415680000002;45.163776000000006;132.765696;120.0;0.0;46.06156800000008;1204.6755839999998
0.539582;0.601267;0.029126;0.172404;2900.792832;1616.205696;156.581376;463.42195200000003;30.0;18.0;212.7928320000001;840.0833279999999
0.542776;0.63592;0.033192;0.237087;2917.963776;1709.3529600000002;178.440192;637.289856;20.0;18.0;229.96377600000005;660.0021119999999
0.6330490000000001;0.6536379999999999;0.04449;0.21978799999999998;3403.2714240000005;1756.978944;239.17824000000002;590.7901439999999;20.0;45.0;715.2714240000005;635.6259840000002
0.632762;0.608282;0.028422;0.164801;3401.728512;1635.0620159999999;152.796672;442.985088;30.0;45.0;713.7285120000001;831.4454400000002
0.488894;0.54691;0.014855;0.078346;2628.294144;1470.09408;79.86048;210.594048;70.0;0.0;-59.70585600000004;1112.608896
0.491792;0.55568;0.019929;0.093483;2643.873792;1493.6678399999998;107.13830399999999;251.28230399999998;60.0;0.0;-44.12620800000013;1068.6910080000002
0.636484;0.60433;0.039995;0.18600899999999998;3421.7379840000003;1624.4390400000002;215.01312000000001;499.99219199999993;30.0;45.0;733.7379840000003;813.564864
0.635321;0.640742;0.0626;0.24724000000000002;3415.485696;1722.3144960000002;336.5376;664.58112;20.0;45.0;727.4856960000002;633.3949439999997
0.602087;0.5295200000000001;0.007505;0.047283;3236.8197120000004;1423.3497600000003;40.34688;127.096704;120.0;34.0;548.8197120000004;1201.1018879999997
0.638564;0.53263;0.011739999999999999;0.059863;3432.920064;1431.70944;63.114239999999995;160.911744;100.0;45.0;744.9200639999999;1175.834688
0.539681;0.537292;0.012637;0.076805;2901.3250559999997;1444.240896;67.93651200000001;206.45184;80.0;18.0;213.32505599999968;1140.533184
0.585568;0.572803;0.016263;0.147698;3148.013568;1539.694464;87.429888;397.012224;40.0;34.0;460.01356799999985;949.799424
0.58494;0.558017;0.015534;0.119511;3144.63744;1499.949696;83.510784;321.245568;50.0;34.0;456.63743999999997;1027.4275200000002
0.63382;0.54452;0.01064;0.064543;3407.4163200000003;1463.66976;57.20064;173.49158400000002;80.0;45.0;719.4163200000003;1137.584448
0.584602;0.576539;0.021778;0.137603;3142.8203519999997;1549.736832;117.07852799999999;369.876864;40.0;34.0;454.82035199999973;953.324736
0.584914;0.562116;0.012566;0.111127;3144.4976640000004;1510.9678079999999;67.554816;298.709376;50.0;34.0;456.49766400000044;1027.6775040000002
0.5410739999999999;0.539462;0.011845;0.069357;2908.813824;1450.073856;63.67872;186.43161600000002;80.0;18.0;220.81382399999984;1144.710336
0.6077019999999999;0.519878;0.006733;0.036277;3267.005951999999;1397.4320639999999;36.196608000000005;97.512576;180.0;34.0;579.0059519999991;1241.811648
0.615657;0.530141;0.008745;0.057506;3309.772032;1425.019008;47.013119999999994;154.576128;100.0;45.0;621.7720319999999;1185.692928
0.5078049999999998;0.539787;0.011325;0.073225;2729.959679999999;1450.947456;60.8832;196.8288;80.0;0.0;41.959679999999025;1138.638144
0.558399;0.552396;0.016246;0.098799;3001.953024;1484.840448;87.338496;265.571712;60.0;18.0;313.9530239999999;1070.373696
0.564862;0.5225789999999999;0.006979;0.037759;3036.698112;1404.6923519999998;37.519104;101.49619200000001;160.0;18.0;348.69811200000004;1232.5595520000002
0.5086692402284414;0.5215488574647344;0.0051717252470185274;0.03519860765136838;2734.605835468101;1401.9233288652063;27.803194927971603;94.61385736687821;160.0;0.0;46.60583546810085;1238.7697424513547
0.5074642619838777;0.520812272239527;0.0049401554598411225;0.03365480907016817;2728.1278724253266;1399.9433877798485;26.558275752105875;90.46412678061205;170.0;0.0;40.127872425326586;1242.8245488298455
0.5463799999999999;0.636086;0.042494;0.22292;2937.3388799999993;1709.799168;228.44774399999997;599.20896;20.0;18.0;249.33887999999934;678.596352
0.542104;0.602548;0.030286;0.17134900000000003;2914.3511040000003;1619.6490239999998;162.817536;460.58611200000007;30.0;18.0;226.3511040000003;838.0579200000002
0.617169;0.597683;0.029262;0.183494;3317.9005439999996;1606.571904;157.312512;493.23187199999995;30.0;45.0;629.9005439999996;834.8121600000002
0.618263;0.6351369999999998;0.04151;0.240717;3323.781888;1707.2482559999996;223.15776;647.047296;20.0;45.0;635.781888;657.2280960000003
0.48818100000000003;0.554878;0.018379;0.097288;2624.461056;1491.512064;98.805504;261.510144;60.0;0.0;-63.5389439999999;1065.732864
0.489178;0.546937;0.013759;0.080557;2629.820928;1470.166656;73.968384;216.537216;70.0;0.0;-58.179071999999906;1109.5647359999998
0.611159;0.631825;0.04747599999999999;0.234102;3285.590784;1698.3455999999999;255.23097599999994;629.266176;20.0;45.0;597.590784;675.0213120000001
0.618327;0.597243;0.030484;0.17790099999999998;3324.125952;1605.389184;163.88198400000002;478.1978879999999;30.0;45.0;636.1259519999999;843.511872
0.5386229999999999;0.593971;0.027622;0.187945;2895.637247999999;1596.5940480000002;148.495872;505.19616;30.0;18.0;207.6372479999991;838.8078719999999
0.539132;0.631719;0.033796;0.257269;2898.373632;1698.060672;181.687296;691.539072;20.0;18.0;210.37363199999982;644.1697919999999
0.558885;0.5235009999999999;0.006743;0.035114;3004.56576;1407.1706879999997;36.250368;94.386432;160.0;18.0;316.56575999999995;1233.6360960000004
0.6336720480593152;0.5156335618695084;0.0032687491303333618;0.021299591107333954;3406.6209303668784;1386.0230143052386;17.572795324672153;57.253300896513664;240.0;45.0;718.6209303668784;1273.3503352465045
0.602549;0.520278;0.005710999999999999;0.032527;3239.303424;1398.507264;30.702335999999995;87.432576;180.0;34.0;551.3034240000002;1245.7764479999998
0.615698;0.531075;0.011485;0.062806;3309.992448;1427.5295999999998;61.74336;168.822528;100.0;45.0;621.992448;1176.059136
0.586585;0.575847;0.021376;0.13714;3153.4809600000003;1547.876736;114.91737599999999;368.63232000000005;40.0;34.0;465.4809600000003;955.807104
0.583579;0.562554;0.015936;0.110693;3137.3207039999998;1512.145152;85.67193599999999;297.542784;50.0;34.0;449.32070399999975;1027.0834559999998
0.615786;0.540252;0.012174;0.066848;3310.4655359999997;1452.1973759999998;65.447424;179.68742400000002;80.0;45.0;622.4655359999997;1145.958912
0.5395319999999999;0.538375;0.010096;0.069262;2900.5240319999994;1447.152;54.276096;186.17625600000002;80.0;18.0;212.52403199999935;1147.7598719999999
0.558338;0.652515;0.045674;0.216784;3001.625088;1753.96032;245.543424;582.7153920000001;20.0;18.0;313.6250879999998;642.681984
0.55671;0.611727;0.030351;0.165154;2992.87296;1644.3221760000001;163.166976;443.933952;30.0;18.0;304.87296000000015;821.7108479999999
0.491396;0.5646340000000001;0.017748;0.111017;2641.744896;1517.7361920000003;95.413248;298.413696;60.0;0.0;-46.25510399999985;1021.0569599999997
0.48904600000000004;0.563417;0.015141;0.11493;2629.111296;1514.464896;81.398016;308.93184;70.0;0.0;-58.88870399999996;1019.069184
0.610812;0.601986;0.03071;0.170815;3283.725312;1618.1383680000001;165.09696;459.15072;30.0;45.0;595.725312;840.2862719999998
0.6141549999999999;0.636266;0.04506;0.218347;3301.6972799999994;1710.2830079999999;242.24256000000003;586.916736;20.0;45.0;613.6972799999994;684.258624
0.49184200000000006;0.5472649999999999;0.018799;0.084049;2644.142592;1471.0483199999996;101.063424;225.923712;70.0;0.0;-43.85740799999985;1103.9898240000005
0.491772;0.555361;0.0213;0.09626;2643.766272;1492.810368;114.5088;258.74688;60.0;0.0;-44.233728000000156;1065.816192
0.560191;0.527351;0.008559;0.049741;3011.586816;1417.5194880000001;46.013184;133.703808;120.0;18.0;323.586816;1203.6286079999998
0.568738;0.60156;0.038893;0.18092;3057.535488;1616.99328;209.088768;486.31296;30.0;18.0;369.535488;827.8502400000002
0.563966;0.6442710000000001;0.064712;0.250145;3031.8812159999998;1731.8004480000004;347.89171200000004;672.38976;20.0;18.0;343.88121599999977;620.0046719999996
0.602376;0.527784;0.008499;0.048330000000000005;3238.373376;1418.6833920000001;45.690624;129.91104;120.0;34.0;550.373376;1204.3610879999999
0.540637;0.540092;0.014162;0.071326;2906.464512;1451.767296;76.134912;191.724288;80.0;18.0;218.464512;1140.37056
0.635388;0.512843;0.006666;0.038452;3415.845888;1378.5219840000002;35.836416;103.358976;200.0;45.0;727.8458879999998;1257.7985279999998
0.586324;0.563416;0.019658;0.110854;3152.077824;1514.4622080000001;105.68140799999999;297.975552;50.0;34.0;464.07782399999996;1024.550016
0.586473;0.575956;0.020952;0.137249;3152.8788480000003;1548.169728;112.63795199999998;368.925312;40.0;34.0;464.8788480000003;955.367616
0.601906;0.5674749999999998;0.013322;0.102635;3235.846656;1525.3727999999996;71.619072;275.88288;50.0;34.0;547.8466560000002;1024.6857600000003
0.601341;0.584348;0.020635;0.128227;3232.809216;1570.727424;110.93376;344.67417600000005;40.0;34.0;544.8092160000001;944.9354880000001
0.615543;0.52946;0.00739;0.059585;3309.1591679999997;1423.18848;39.72864;160.16448;80.0;45.0;621.1591679999997;1184.72928
0.633705;0.523177;0.007538;0.048652;3406.7980799999996;1406.299776;40.524288000000006;130.776576;140.0;45.0;718.7980799999996;1216.3119359999998
0.558919;0.543888;0.010573;0.065908;3004.7485440000005;1461.9709440000001;56.840448;177.16070399999998;80.0;18.0;316.7485440000005;1137.448704
0.6149039999999999;0.5302859999999999;0.010021;0.061295;3305.7239039999995;1425.4087679999998;53.872896000000004;164.76096;100.0;45.0;617.7239039999995;1180.2107520000002
0.635088;0.552129;0.015811;0.096807;3414.233088;1484.122752;84.99993599999999;260.217216;60.0;45.0;726.233088;1073.76864
0.506338;0.521552;0.006011;0.032692;2722.0730879999996;1401.9317760000001;32.315136;87.87609599999999;170.0;0.0;34.07308799999964;1242.130176
0.5064139999999999;0.525889;0.006472;0.041298;2722.4816639999995;1413.5896320000002;34.793472;111.00902400000001;160.0;0.0;34.481663999999455;1218.9058559999999
0.541412;0.600707;0.027218;0.18427800000000003;2910.630912;1614.700416;146.323968;495.33926400000007;30.0;18.0;222.63091200000008;825.629952
0.543698252069917;0.6393744250229988;0.04047838086476573;0.2447102115915364;2922.9218031278733;1718.6384544618209;217.6117755289806;657.7810487580498;20.0;18.0;234.92180312787332;640.4710211591541
0.5080019999999998;0.549174;0.012020999999999999;0.074403;2731.018751999999;1476.179712;64.62489599999999;199.995264;70.0;0.0;43.01875199999904;1111.8226559999998
0.506547;0.5576339999999999;0.015154;0.087476;2723.196672;1498.9201919999996;81.467904;235.135488;60.0;0.0;35.196672000000035;1071.5120640000005
0.6115959448022079;0.6389705584176626;0.03950088960441658;0.24010111683532628;3287.9397992566696;1717.552861026677;212.35678251334352;645.3918020533571;20.0;45.0;599.9397992566696;647.7512379466446
0.6168629999999999;0.6022517792088317;0.025709999999999997;0.17160555841766356;3316.255488;1618.8527825133394;138.21695999999997;461.27574102667967;30.0;45.0;628.2554879999998;838.5093469733208
0.618836;0.593199;0.022115;0.187763;3326.862336;1594.518912;118.89023999999999;504.706944;30.0;45.0;638.8623360000001;841.127616
0.621623;0.627029;0.035424;0.260522;3341.845248;1685.4539519999998;190.43942399999997;700.2831359999999;20.0;45.0;653.8452480000001;652.4044800000001
0.512517;0.55345;0.019128;0.095208;2755.291392;1487.6736;102.832128;255.919104;60.0;0.0;67.29139200000009;1072.366848
0.511598;0.54631;0.016699;0.083161;2750.350848;1468.48128;89.77382399999999;223.536768;70.0;0.0;62.35084800000004;1107.750336
0.602941;0.51904;0.007018;0.04013599999999999;3241.4108159999996;1395.17952;37.728768;107.88556799999998;160.0;34.0;553.4108159999996;1238.877696
0.5510348896044159;0.6388619264029437;0.0431;0.240803;2962.36356651334;1717.2608581711127;231.7056;647.278464;20.0;18.0;274.3635665133402;647.0999098288873
0.545795;0.598405;0.034177;0.180397;2934.19392;1608.51264;183.73555199999998;484.907136;30.0;18.0;246.19392000000016;837.0337920000002
0.512249;0.52147;0.007296;0.038211;2753.8506239999997;1401.71136;39.223296000000005;102.711168;160.0;0.0;65.8506239999997;1234.933056
0.5600685367558527;0.5207135079992097;0.004663061375918292;0.03640196299910434;3010.928453599464;1399.6779095018755;25.068617956936738;97.84847654159246;160.0;18.0;322.92845359946386;1239.3978522273283
0.51142;0.520085;0.00685;0.036096;2749.39392;1397.98848;36.8256;97.026048;170.0;0.0;61.39391999999998;1241.498496
0.6340078210656417;0.5138135617076293;0.002844764055164611;0.02369436390251156;3408.4260460488895;1381.1308538701076;15.293451560564948;63.69045016995108;240.0;45.0;720.4260460488895;1275.023921044917
0.6037678553824796;0.5182215545786839;0.005697388663919934;0.031942736443616705;3245.8559905362104;1392.9795387075023;30.629161457233565;85.86207556044171;180.0;34.0;557.8559905362104;1252.0894235122769
0.559209;0.517761;0.007656;0.034618;3006.3075839999997;1391.7415680000001;41.158656;93.053184;180.0;18.0;318.3075839999997;1249.73184
0.5646260000000001;0.541646;0.015433999999999998;0.07338;3035.4293760000005;1455.944448;82.97318399999999;197.24544;80.0;18.0;347.4293760000005;1133.432832
0.606445;0.577568;0.029865;0.142434;3260.24832;1552.502784;160.55424;382.862592;40.0;34.0;572.2483200000001;944.06592
0.606158;0.563315;0.023902;0.11346;3258.705408;1514.19072;128.497152;304.98048;50.0;34.0;570.7054079999998;1021.3190399999999
0.635187;0.519193;0.006606999999999999;0.039907;3414.7653119999995;1395.590784;35.519231999999995;107.270016;160.0;45.0;726.7653119999995;1238.774208
0.586162;0.59669;0.02833;0.177376;3151.2069119999996;1603.90272;152.30208000000002;476.786688;30.0;34.0;463.20691199999965;845.7039359999999
0.589131;0.632636;0.040882;0.238977;3167.168256;1700.525568;219.781632;642.370176;20.0;34.0;479.16825599999993;666.289344
0.558563;0.570031;0.017601;0.10382300000000001;3002.8346880000004;1532.2433279999998;94.622976;279.076224;50.0;18.0;314.83468800000037;1016.2185600000003
0.634578;0.5152509999999999;0.006799;0.04055899999999999;3411.491328;1384.9946879999998;36.551424000000004;109.02259199999997;180.0;45.0;723.4913280000001;1248.4940160000003
0.5585760000000001;0.585186;0.022193;0.129665;3002.9045760000004;1572.9799679999999;119.309568;348.53952;40.0;18.0;314.90457600000036;940.7502720000002
0.494488;0.6999959999999998;0.077967;0.32152500000000006;2658.367488;1881.5892479999995;419.15059199999996;864.2592000000002;10.0;0.0;-29.632512000000133;374.2811520000005
0.602324;0.54376;0.010999000000000002;0.067743;3238.093824;1461.62688;59.13062400000001;182.093184;80.0;34.0;550.093824;1135.326528
0.614448;0.5792719999999999;0.0225;0.139018;3303.272448;1557.0831359999997;120.96;373.680384;40.0;45.0;615.2724480000002;944.0766720000001
0.617499;0.561569;0.016901;0.11147800000000001;3319.674624;1509.497472;90.859776;299.652864;50.0;45.0;631.6746240000002;1028.676096
0.539495;0.529558;0.010543;0.062968;2900.3251199999995;1423.451904;56.679168000000004;169.257984;100.0;18.0;212.32511999999952;1179.919104
0.6035629999999998;0.5228879999999999;0.007789000000000001;0.041522;3244.754687999999;1405.5229439999998;41.873664000000005;111.61113600000002;140.0;34.0;556.7546879999991;1226.6714880000002
0.540863;0.53364;0.009777;0.055921000000000005;2907.6794879999998;1434.42432;52.56115199999999;150.315648;100.0;18.0;219.67948799999976;1178.417856
0.499882;0.6931530000000001;0.10296199999999998;0.33524100000000007;2687.365632;1863.1952640000004;553.5237119999999;901.1278080000002;10.0;0.0;-0.6343679999999949;374.2408319999995
0.60887;0.5411269999999999;0.01481;0.072718;3273.28512;1454.5493759999997;79.61856;195.46598400000002;80.0;34.0;585.28512;1135.7176320000003
0.560432;0.523419;0.0077729999999999995;0.042923;3012.8824320000003;1406.9502719999998;41.787648;115.377024;140.0;18.0;324.88243200000034;1223.3612160000002
0.567651;0.579426;0.027526;0.142266;3051.691776;1557.497088;147.979776;382.41100800000004;40.0;18.0;363.6917760000001;939.2974079999999
0.562414;0.565546;0.024236;0.11477;3023.537664;1520.187648;130.292736;308.50176;50.0;18.0;335.53766399999995;1013.5614719999999
0.592158;0.6332849999999999;0.041001;0.232202;3183.4414079999997;1702.2700799999998;220.421376;624.1589759999999;20.0;34.0;495.4414079999997;673.6504320000004
0.586951;0.599205;0.034227;0.172941;3155.448576;1610.66304;184.004352;464.865408;30.0;34.0;467.4485759999998;844.904256
0.598524;0.6479310000000001;0.042222;0.21279299999999998;3217.665024;1741.6385280000004;226.98547200000002;571.987584;20.0;34.0;529.6650239999999;660.3676799999996
0.599853;0.607002;0.028014;0.163906;3224.8097279999997;1631.621376;150.603264;440.579328;30.0;34.0;536.8097279999997;836.08896
0.6339580000000001;0.524841;0.008047;0.053883;3408.1582080000007;1410.772608;43.260672;144.837504;120.0;45.0;720.1582080000007;1204.80864
0.541521;0.576643;0.021619000000000003;0.142834;2911.2168960000004;1550.016384;116.22374400000001;383.93779199999994;40.0;18.0;223.21689600000036;946.0147200000001
0.539778;0.563482;0.016794;0.11648200000000002;2901.846528;1514.6396160000002;90.284544;313.10361600000005;50.0;18.0;213.84652800000003;1016.8085759999999
0.58388;0.5396459999999998;0.011062;0.068718;3138.9388799999997;1450.5684479999995;59.469312;184.713984;80.0;34.0;450.9388799999997;1145.0745600000005
0.49884800000000007;0.7204470000000001;0.086961;0.292015;2681.806848;1936.5615360000002;467.50233599999996;784.93632;10.0;0.0;-6.193151999999827;358.97030399999994
0.619767;0.563617;0.017579;0.10947599999999999;3331.8673919999997;1515.002496;94.504704;294.271488;50.0;45.0;643.8673919999997;1025.86176
0.6218780000000002;0.577155;0.022789;0.13497;3343.216128000001;1551.39264;122.513664;362.79936000000004;40.0;45.0;655.2161280000009;955.20768
0.622135;0.697305;0.091895;0.360086;3344.59776;1874.35584;494.02752000000004;967.9111680000001;10.0;45.0;656.5977600000001;329.688576
0.6031477008278672;0.5157285436963501;0.004972606106017848;0.028841115414905184;3242.522039650614;1386.2783254557892;26.732730425951953;77.52491823526513;200.0;34.0;554.5220396506138;1262.9592154265783
0.506971;0.537773;0.008645;0.05943400000000001;2725.476096;1445.5338239999999;46.47552;159.75859200000002;100.0;0.0;37.47609599999987;1162.58688
0.513253;0.533069;0.010752;0.059305;2759.2481279999997;1432.889472;57.802752;159.41183999999998;100.0;0.0;71.24812799999972;1175.4046079999998
0.539587;0.533255;0.00884;0.05745599999999999;2900.8197120000004;1433.3894400000001;47.52384000000001;154.44172799999998;100.0;18.0;212.81971200000044;1177.389696
0.625801;0.570641;0.019555;0.147233;3364.306176;1533.8830079999998;105.12768;395.76230400000003;40.0;45.0;676.306176;956.2358400000003
0.616865;0.556531;0.013485;0.122458;3316.26624;1495.955328;72.49536;329.167104;50.0;45.0;628.2662399999999;1027.46112
0.585231;0.540917;0.012226;0.070234;3146.2018559999997;1453.984896;65.72697600000001;188.788992;80.0;34.0;458.2018559999997;1139.6206080000002
0.504432;0.692299;0.092896;0.33222699999999994;2711.826432;1860.899712;499.408896;893.0261759999999;10.0;0.0;23.82643199999984;380.58719999999994
0.542421;0.56883;0.020562;0.09865;2916.0552960000005;1529.0150399999998;110.541312;265.1712;50.0;18.0;228.05529600000045;1026.3993600000003
0.6034;0.530527;0.01031;0.05919499999999999;3243.8784;1426.056576;55.426559999999995;159.11615999999998;100.0;34.0;555.8784;1182.385344
0.5444010000000001;0.5758820000000001;0.024340999999999998;0.139603;2926.699776000001;1547.9708160000002;130.857216;375.252864;40.0;18.0;238.69977600000084;952.4027519999997
0.607586;0.595599;0.035881;0.173032;3266.3823359999997;1600.970112;192.89625600000002;465.110016;30.0;34.0;578.3823359999997;854.47488
0.60709;0.633464;0.05435700000000001;0.233486;3263.7158400000003;1702.751232;292.22323200000005;627.610368;20.0;34.0;575.7158400000003;671.4435839999999
0.6339326809251256;0.5155509985499597;0.004070014441346356;0.025683194578152015;3408.022092653475;1385.8010841022915;21.880397636678012;69.03642702607262;220.0;45.0;720.0220926534748;1267.6807023846723
0.633566;0.523131;0.00616;0.036676;3406.050816;1406.176128;33.11616;98.585088;160.0;45.0;718.0508159999999;1232.531328
0.601225;0.55076;0.015388000000000002;0.095686;3232.1856000000002;1480.44288;82.72588800000001;257.203968;60.0;34.0;544.1856000000002;1078.955136
0.583457;0.6344880000000002;0.045852;0.225793;3136.664832;1705.5037440000006;246.500352;606.9315839999999;20.0;34.0;448.66483199999993;679.0304639999995
0.587707;0.598435;0.027987;0.17246100000000003;3159.512832;1608.59328;150.458112;463.5751680000001;30.0;34.0;471.5128319999999;847.6191359999998
0.508453;0.524087;0.007963;0.048067;2733.4433280000003;1408.745856;42.809087999999996;129.204096;140.0;0.0;45.44332800000029;1214.652096
0.539467;0.5817810000000001;0.028763;0.135387;2900.1745920000003;1563.8273280000003;154.629888;363.920256;40.0;18.0;212.1745920000003;942.2125439999998
0.542002;0.56524;0.018419;0.11064199999999999;2913.802752;1519.36512;99.020544;297.405696;50.0;18.0;225.80275200000005;1019.9320320000002
0.6339669999999998;0.5682060000000001;0.017468;0.102985;3408.206591999999;1527.3377280000002;93.90796800000001;276.82367999999997;50.0;45.0;720.2065919999991;1022.2504319999998
0.633733;0.583924;0.021167;0.128798;3406.948608;1569.587712;113.793792;346.209024;40.0;45.0;718.9486080000001;945.3077760000001
0.48855800000000005;0.7110129999999999;0.095965;0.323487;2626.4878080000003;1911.2029439999997;515.90784;869.5330560000001;10.0;0.0;-61.512191999999686;342.03052800000023
0.58473;0.5384100000000002;0.008684;0.073516;3143.50848;1447.2460800000003;46.68518400000001;197.611008;80.0;34.0;455.50847999999996;1141.9484159999997
0.508189;0.574615;0.022961999999999996;0.138518;2732.024064;1544.56512;123.44371199999998;372.336384;40.0;0.0;44.02406400000018;957.2666879999999
0.508739;0.561962;0.018488;0.116352;2734.980864;1510.553856;99.39148800000001;312.754176;50.0;0.0;46.98086400000011;1021.069056
0.608215;0.524902;0.00871;0.043151999999999996;3269.7638399999996;1410.936576;46.824960000000004;115.99257599999999;140.0;34.0;581.7638399999996;1219.067136
0.5410889999999999;0.534146;0.010509;0.059325;2908.8944639999995;1435.784448;56.496384;159.4656;100.0;18.0;220.89446399999952;1172.482752
0.602256;0.525239;0.006955;0.040395;3237.728256;1411.842432;37.390080000000005;108.58176;140.0;34.0;549.7282559999999;1221.866688
0.638745;0.580538;0.031359;0.145072;3433.89312;1560.486144;168.585984;389.95353600000004;40.0;45.0;745.8931200000002;932.537088
0.6393239999999999;0.56606;0.025662000000000004;0.11551300000000002;3437.0058239999994;1521.56928;137.95891200000003;310.49894400000005;50.0;45.0;749.0058239999994;1011.1812480000001
0.5859229999999999;0.5935289999999999;0.026063999999999997;0.187794;3149.9220479999994;1595.4059519999996;140.12006399999999;504.79027199999996;30.0;34.0;461.92204799999945;840.1989120000003
0.588951;0.629963;0.041907;0.254729;3166.200576;1693.3405440000001;225.292032;684.711552;20.0;34.0;478.2005760000002;652.30368
0.6386219999999999;0.517908;0.007791;0.041616;3433.2318719999994;1392.136704;41.884416;111.863808;160.0;45.0;745.2318719999994;1239.931392
0.6389616432112049;0.5149461204339715;0.005417189221432111;0.02596514833720903;3435.0577939034374;1384.1751717265154;29.12280925441903;69.79431873041787;220.0;45.0;747.0577939034374;1268.9276689082758
0.585797;0.59789;0.0276;0.173263;3149.2446720000003;1607.12832;148.3776;465.730944;30.0;34.0;461.24467200000026;848.006208
0.584729;0.634721;0.041105;0.232056;3143.5031040000003;1706.130048;220.98048;623.766528;20.0;34.0;455.50310400000035;669.986688
0.540317;0.563178;0.019189;0.107467;2904.744192;1513.8224639999999;103.160064;288.871296;50.0;18.0;216.7441920000001;1029.7418880000002
0.540262;0.5783549999999998;0.027090999999999997;0.136883;2904.448512;1554.6182399999996;145.641216;367.941504;40.0;18.0;216.44851199999994;949.4110080000005
0.620281;0.57453;0.020811000000000003;0.138718;3334.630656;1544.33664;111.87993600000001;372.873984;40.0;45.0;646.6306559999998;957.2263680000001
0.616838;0.560461;0.017234;0.11274699999999999;3316.121088;1506.519168;92.64998399999999;303.06393599999996;50.0;45.0;628.1210879999999;1029.948864
0.584667;0.539917;0.01221;0.069452;3143.169792;1451.2968959999998;65.64096;186.686976;80.0;34.0;455.16979200000014;1143.3596160000002
0.496591;0.702491;0.093513;0.323503;2669.673216;1888.2958079999999;502.725888;869.576064;10.0;0.0;-18.32678399999986;364.9161600000002
0.6014376002499788;0.5179886539459256;0.004553242923484925;0.026936026557879425;3233.328538943886;1392.3535018066482;24.478233956654954;72.4040393875799;200.0;34.0;545.3285389438861;1259.444478499562
0.555075;0.695758;0.08735200000000001;0.348847;2984.0832;1870.197504;469.60435200000006;937.700736;10.0;18.0;296.08320000000003;348.9521279999999
0.564069;0.534522;0.011524;0.060281;3032.434944;1436.7951360000002;61.953024;162.035328;100.0;18.0;344.4349440000001;1170.1871999999998
0.509032;0.5356799999999999;0.008285;0.060247999999999996;2736.5560320000004;1439.9078399999999;44.54016;161.94662399999999;100.0;0.0;48.556032000000414;1167.118848
0.558324;0.536167;0.008775;0.05315099999999999;3001.549824;1441.216896;47.1744;142.86988799999997;100.0;18.0;313.54982400000017;1175.34816
0.584484;0.535757;0.010008;0.075823;3142.185984;1440.114816;53.803008;203.81222400000001;80.0;34.0;454.1859840000002;1145.979072
0.617981;0.55892;0.019856;0.114394;3322.265856;1502.3769599999998;106.74585599999999;307.491072;50.0;45.0;634.265856;1031.8775040000003
0.6160790000000002;0.57656;0.025254;0.136121;3312.040704000001;1549.7932799999999;135.765504;365.89324799999997;40.0;45.0;624.0407040000009;955.2600960000002
0.543065;0.574511;0.024036;0.147903;2919.51744;1544.285568;129.217536;397.563264;40.0;18.0;231.51744000000008;944.9328
0.5420140000000001;0.559807;0.018306;0.119944;2913.8672640000004;1504.761216;98.413056;322.409472;50.0;18.0;225.86726400000043;1022.034048
0.6332494591010225;0.5167924297683624;0.0043135985590910765;0.024539582913939883;3404.349092127097;1389.138051217358;23.189905853673626;65.9623988726704;220.0;45.0;716.3490921270968;1265.8807493463069
0.634076;0.5208410000000001;0.006125;0.039845;3408.792576;1400.0206080000003;32.928000000000004;107.10336;160.0;45.0;720.7925759999998;1234.4277119999997
0.603049;0.5572099999999999;0.014063;0.08719000000000002;3241.991424;1497.7804799999997;75.602688;234.36672000000004;60.0;34.0;553.9914239999998;1073.0361600000003
0.506934;0.528097;0.007473;0.043456999999999996;2725.277184;1419.524736;40.174848;116.81241599999998;140.0;0.0;37.277184000000034;1210.0690559999998
0.5821000000000001;0.528633;0.00958;0.062604;3129.3696000000004;1420.965504;51.50208;168.27955200000002;100.0;34.0;441.36960000000045;1182.89472
0.6342412922964027;0.5193140310174303;0.0050945353179611885;0.032774843878883714;3409.681187385461;1395.9161153748528;27.38822186935935;88.09878034643943;180.0;45.0;721.6811873854608;1248.0344944519275
0.634245;0.562087;0.019479;0.116992;3409.7011199999997;1510.889856;104.719104;314.474496;50.0;45.0;721.7011199999997;1019.8728960000001
0.6318709999999998;0.575516;0.02326;0.140486;3396.9384959999993;1546.987008;125.04576;377.626368;40.0;45.0;708.9384959999993;952.1998079999998
0.505833;0.582847;0.021557;0.131462;2719.3582079999996;1566.692736;115.890432;353.36985599999997;40.0;0.0;31.35820799999965;944.6223360000001
0.505143;0.5678299999999998;0.017945;0.10697200000000001;2715.648768;1526.3270399999997;96.47232;287.54073600000004;50.0;0.0;27.648768000000018;1017.9025920000004
0.622767;0.7007439999999999;0.08098100000000001;0.308973;3347.995392;1883.5998719999998;435.35385600000006;830.519424;10.0;45.0;659.9953919999998;389.1404160000002
0.6016670000000001;0.7457250000000001;0.144227;0.380769;3234.5617920000004;2004.5088000000003;775.3643519999999;1023.5070720000001;5.0;34.0;546.5617920000004;171.73766399999977
0.564272;0.7021729999999999;0.08003599999999998;0.340604;3033.526272;1887.4410239999997;430.2735359999999;915.5435520000001;10.0;18.0;345.52627200000006;342.7872000000002
0.550403;0.7066090000000002;0.097763;0.315559;2958.966528;1899.3649920000005;525.573888;848.222592;10.0;18.0;270.9665279999999;364.5237119999997
0.6031600000000001;0.522258;0.007474999999999999;0.045394;3242.5881600000007;1403.829504;40.185599999999994;122.019072;140.0;34.0;554.5881600000007;1223.16096
0.6216390000000002;0.679471;0.070382;0.3597810000000001;3341.9312640000007;1826.4180480000002;378.373632;967.0913280000002;10.0;45.0;653.9312640000007;378.0362879999998
0.511889;0.564189;0.022289;0.11203400000000001;2751.915264;1516.540032;119.825664;301.147392;50.0;0.0;63.91526400000021;1020.886272
0.510399;0.577427;0.029987;0.136314;2743.905024;1552.1237760000001;161.210112;366.41203199999995;40.0;0.0;55.90502400000014;952.670208
0.538487;0.813174;0.202331;0.367009;2894.906112;2185.8117119999997;1087.731456;986.520192;5.0;18.0;206.90611200000012;8.928192000000308
0.5600270000000002;0.5234780000000001;0.008503;0.042996999999999994;3010.705152000001;1407.1088640000003;45.712128;115.57593599999998;140.0;18.0;322.7051520000009;1223.1031679999996
0.513029;0.525694;0.008915;0.047123;2758.0439039999997;1413.065472;47.92704;126.666624;140.0;0.0;70.04390399999966;1211.601216
0.644434222631095;0.7580496780128793;0.14811407543698282;0.3385464581416743;3464.4783808647667;2037.6375344986195;796.2612695492196;910.0128794848205;5.0;45.0;776.4783808647667;195.3560257589702
0.608142;0.553476;0.018633;0.09463799999999999;3269.371392;1487.7434879999998;100.171008;254.38694399999997;60.0;34.0;581.371392;1073.0630400000002
0.584256;0.552003;0.013636000000000002;0.09356499999999998;3140.960256;1483.784064;73.30713600000001;251.50271999999995;60.0;34.0;452.96025599999984;1078.464576
0.63496;0.527118;0.007711;0.051704;3413.5449599999997;1416.893184;41.454336;138.980352;120.0;45.0;725.5449599999997;1201.61664
0.49076100000000006;0.577347;0.020882;0.13858;2638.3311360000002;1551.908736;112.261632;372.50304;50.0;0.0;-49.66886399999976;949.8397439999999
0.49097500000000005;0.598909;0.027778;0.178097;2639.4816;1609.867392;149.334528;478.724736;40.0;0.0;-48.51839999999993;838.7702399999998
0.622214;0.696868;0.075706;0.327217;3345.022464;1873.181184;406.995456;879.5592959999999;10.0;45.0;657.0224640000001;375.03916800000025
0.554945;0.725091;0.086175;0.298683;2983.38432;1949.0446080000002;463.2768;802.8599039999999;10.0;18.0;295.3843200000001;337.5254399999999
0.581593;0.80971;0.18375700000000003;0.28256;3126.6439680000003;2176.50048;987.8776320000002;759.5212799999999;5.0;34.0;438.6439680000003;131.73887999999988
0.559807;0.5326239999999999;0.010560999999999997;0.059279;3009.522432;1431.6933119999997;56.77593599999999;159.341952;100.0;18.0;321.5224320000002;1176.6357120000002
0.557348;0.706746;0.130475;0.356577;2996.302848;1899.733248;701.4336000000001;958.478976;10.0;18.0;308.3028479999998;309.02726399999983
0.49548500000000006;0.579099;0.026438000000000003;0.135331;2663.7273600000003;1556.618112;142.13068800000002;363.76972800000004;40.0;0.0;-24.272639999999683;949.4970239999998
0.4919609999999999;0.564265;0.021107;0.112057;2644.7823359999998;1516.74432;113.471232;301.209216;50.0;0.0;-43.21766400000024;1020.6510719999999
0.6032359999999999;0.53315;0.01014;0.057381;3242.996735999999;1433.1072;54.51264;154.240128;100.0;34.0;554.9967359999991;1177.7727360000001
0.5859590000000001;0.553283;0.017154;0.093146;3150.1155840000006;1487.224704;92.219904;250.376448;60.0;34.0;462.1155840000006;1075.587072
0.635201;0.509877;0.006745999999999999;0.037039;3414.840576;1370.5493760000002;36.266496;99.560832;220.0;45.0;726.840576;1267.6702079999998
0.584583;0.552946;0.008651;0.08612700000000001;3142.718208;1486.3188480000001;46.50777600000001;231.50937600000003;60.0;34.0;454.7182079999998;1085.926464
0.557179;0.562697;0.018988;0.118531;2995.394304;1512.529536;102.07948800000001;318.611328;50.0;18.0;307.3943039999999;1016.1648
0.584165;0.533492;0.010081;0.056822;3140.4710400000004;1434.026496;54.195456;152.737536;100.0;34.0;452.47104000000036;1177.604736
0.55808;0.578374;0.024701;0.147062;3000.23808;1554.6693120000002;132.792576;395.302656;40.0;18.0;312.2380800000001;935.6793599999999
0.633152;0.521;0.005304;0.031469;3403.8251520000003;1400.448;28.514304;84.58867199999999;180.0;45.0;715.8251520000003;1245.257664
0.508351;0.5243819999999999;0.007363;0.040936;2732.894976;1409.5388159999998;39.583487999999996;110.035968;140.0;0.0;44.89497600000004;1223.4432000000002
0.563923;0.525358;0.008647;0.042639;3031.6500479999995;1412.162304;46.486272;114.61363200000001;140.0;18.0;343.6500479999995;1218.53088
0.631924;0.708399;0.102165;0.343237;3397.2234240000003;1904.176512;549.23904;922.6210560000001;10.0;45.0;709.2234240000003;322.51296
0.49365100000000006;0.567522;0.032488;0.11405599999999999;2653.8677760000005;1525.499136;174.65548800000002;306.58252799999997;50.0;0.0;-34.132223999999496;1009.2096000000001
0.491;0.577986;0.021727;0.13775;2639.616;1553.626368;116.804352;370.27200000000005;40.0;0.0;-48.384000000000015;949.2376320000001
0.538567;0.7038119999999999;0.112421;0.3204830000000001;2895.336192;1891.8466559999997;604.3752959999999;861.4583040000002;10.0;18.0;207.3361920000002;365.4241920000004
0.598806;0.754052;0.159577;0.376655;3219.181056;2026.891776;857.885952;1012.4486400000001;5.0;34.0;531.1810559999999;154.88390400000026
0.558335;0.684036;0.069668;0.357213;3001.60896;1838.688768;374.53516799999994;960.188544;10.0;18.0;313.60896;369.2169600000002
0.613459;0.6895840000000001;0.098192;0.333236;3297.955584;1853.6017920000002;527.880192;895.7383679999999;10.0;45.0;609.9555839999998;386.52902399999994
0.673106;0.537322;0.011634;0.044867;3618.617856;1444.321536;62.544384;120.60249599999999;1.0;45.0;930.6178559999998;1183.377216
0.560436;0.759185;0.176521;0.378883;3012.903936;2040.68928;948.976896;1018.4375040000001;5.0;18.0;324.90393600000016;138.09196799999972
0.558953;0.5264709999999999;0.007347;0.039228;3004.931328;1415.1540479999999;39.497472;105.444864;140.0;18.0;316.9313280000001;1220.12352
0.6387909999999999;0.514638;0.006899;0.039066;3434.1404159999993;1383.3469440000001;37.089024;105.009408;180.0;45.0;746.1404159999993;1252.148352
0.6265370000000003;0.7925909199632016;0.193215;0.31840483992640267;3368.262912000002;2130.484392861086;1038.7238399999999;855.8722097221704;5.0;45.0;680.262912000002;129.57950227782885
0.5854300000000001;0.552695;0.015988;0.093088;3147.2716800000007;1485.64416;85.951488;250.22054400000002;60.0;34.0;459.27168000000074;1077.2455679999998
0.605098;0.634027;0.046019;0.245535;3253.006848;1704.264576;247.39814399999997;659.99808;20.0;34.0;565.006848;653.736384
0.602687;0.596808;0.030947999999999996;0.18091;3240.0453119999997;1604.219904;166.37644799999998;486.28607999999997;30.0;34.0;552.0453119999997;840.637056
0.633322;0.5305389999999999;0.007261;0.04300899999999999;3404.7390720000003;1426.0888319999997;39.035136;115.60819199999997;120.0;45.0;716.7390720000003;1204.1070720000002
0.607337;0.532932;0.012442;0.061413999999999996;3265.043712;1432.5212159999999;66.888192;165.080832;100.0;34.0;577.0437120000001;1172.938368
0.492929;0.6905480000000002;0.081723;0.331432;2649.986304;1856.1930240000004;439.342848;890.889216;10.0;0.0;-38.01369599999998;386.3623679999996
0.5355529999999997;0.7252047359705616;0.15008099999999994;0.4476844719411218;2879.1329279999986;1949.3503302888694;806.8354559999997;1203.3758605777355;5.0;18.0;191.13292799999863;136.96173942226278
0.63049;0.732339;0.089577;0.291301;3389.51424;1968.527232;481.56595200000004;783.017088;10.0;45.0;701.51424;327.9642240000003
0.48802599999999996;0.580108;0.021972000000000002;0.135391;2623.627776;1559.3303039999998;118.12147200000001;363.931008;40.0;0.0;-64.37222400000019;946.7041920000001
0.49253;0.5691289999999999;0.020496;0.109566;2647.84128;1529.8187519999997;110.186496;294.51340799999997;50.0;0.0;-40.1587199999999;1010.9245440000004
0.5076740000000001;0.5334389999999999;0.008986;0.06135500000000001;2729.2554240000004;1433.8840319999997;48.308735999999996;164.92224000000002;100.0;0.0;41.2554240000004;1171.6548480000004
0.5855565777368902;0.783808647654094;0.195952161913523;0.3201471941122353;3147.9521619135216;2106.8776448942044;1053.4388224470997;860.5556577736885;5.0;34.0;459.95216191352165;150.84452621895116
0.5418379999999999;0.695476;0.071441;0.32626600000000006;2912.9210879999996;1869.439488;384.066816;877.0030080000001;10.0;18.0;224.9210879999996;380.0590080000002
0.633067;0.6991659999999998;0.11213800000000002;0.340252;3403.3681920000004;1879.3582079999996;602.8538880000001;914.5973759999999;10.0;45.0;715.3681920000004;351.3431040000005
0.531332;0.791765;0.164741;0.294888;2856.4408320000002;2128.26432;885.647616;792.6589439999999;5.0;18.0;168.44083200000023;163.40620799999988
0.601689;0.534712;0.009499;0.054149;3234.680064;1437.305856;51.066624000000004;145.552512;100.0;34.0;546.6800640000001;1177.917888
0.6378919999999999;0.526767;0.009557;0.050515;3429.3073919999997;1415.949696;51.378432;135.78431999999998;120.0;45.0;741.3073919999997;1204.158144
0.582971;0.547572;0.011437999999999999;0.100731;3134.052096;1471.8735359999998;61.49068799999999;270.764928;60.0;34.0;446.0520959999999;1080.7440000000001
0.6207720000000001;0.752514;0.15552;0.39486399999999994;3337.2702720000007;2022.757632;836.07552;1061.3944319999998;5.0;45.0;649.2702720000007;134.54515200000014
0.6386848433945853;0.5169231320481695;0.005543640359767025;0.029612863693934958;3433.5697180892907;1389.4893789454798;29.802610574107526;79.59937760929716;200.0;45.0;745.5697180892907;1258.7109322498716
0.49001999999999996;0.536365;0.010685;0.063869;2634.34752;1441.74912;57.44256;171.679872;90.0;0.0;-53.652480000000196;1160.410944
0.5854450000000001;0.704319;0.08494600000000001;0.314469;3147.3523200000004;1893.209472;456.66969600000004;845.292672;10.0;34.0;459.3523200000004;372.14419199999975
0.488371;0.541026;0.012741;0.069584;2625.482496;1454.277888;68.495616;187.041792;80.0;0.0;-62.51750399999992;1140.201216
0.615736;0.544047;0.01256;0.082696;3310.196736;1462.3983359999997;67.52256;222.28684800000002;70.0;45.0;622.1967359999999;1114.4582400000002
0.6155280000000001;0.551344;0.015537;0.095802;3309.0785280000005;1482.0126719999998;83.526912;257.515776;60.0;45.0;621.0785280000005;1077.22944
0.4922369999999999;0.638577;0.044125;0.237169;2646.266112;1716.494976;237.21599999999998;637.510272;20.0;0.0;-41.733888000000206;652.749888
0.48865000000000003;0.596315;0.029295;0.16807099999999997;2626.9824000000003;1602.89472;157.48992;451.7748479999999;30.0;0.0;-61.017599999999675;859.217856
0.542802;0.554158;0.016195;0.094747;2918.103552;1489.576704;87.06432000000001;254.679936;60.0;18.0;230.10355200000004;1071.083328
0.558692;0.642287;0.04955699999999999;0.258427;3003.5281919999998;1726.467456;266.41843199999994;694.651776;20.0;18.0;315.52819199999976;614.2066559999998
0.556468;0.599654;0.031355;0.184904;2991.5719679999997;1611.869952;168.56448;497.02195200000006;30.0;18.0;303.57196799999974;827.619072
0.507627;0.52878;0.007924;0.049315;2729.0027520000003;1421.36064;42.599424;132.55872;120.0;0.0;41.00275200000033;1200.36
0.5636040000000001;0.529244;0.009407;0.050039;3029.9351040000006;1422.607872;50.572032;134.504832;120.0;18.0;341.9351040000006;1198.139712
0.559309;0.530143;0.008637;0.046652;3006.845184;1425.024384;46.432512;125.400576;120.0;18.0;318.8451839999998;1200.275328
0.540136;0.550583;0.015978;0.10090099999999999;2903.771136;1479.967104;85.897728;271.221888;60.0;18.0;215.77113599999984;1072.421952
0.616556;0.549815;0.01688;0.10162;3314.605056;1477.90272;90.74687999999999;273.15456;60.0;45.0;626.6050559999999;1073.52
0.6339838418409695;0.5190810601814061;0.004880030693113042;0.02692731221735592;3408.297133737052;1395.2898897676196;26.235045006175714;72.38061524025271;200.0;45.0;720.2971337370518;1256.5198026122541
0.60109;0.562049;0.017963;0.11564499999999998;3231.45984;1510.787712;96.569088;310.85375999999997;50.0;34.0;543.45984;1021.785408
0.600857;0.576521;0.025081;0.141523;3230.2072319999997;1549.6884479999999;134.835456;380.41382400000003;40.0;34.0;542.2072319999997;948.10464
0.559363;0.540043;0.011599;0.073169;3007.1354880000004;1451.635584;62.356224;196.678272;80.0;18.0;319.13548800000035;1138.0252799999998
0.633232;0.52871;0.007153999999999999;0.042086;3404.255232;1421.17248;38.459903999999995;113.127168;140.0;45.0;716.255232;1210.263936
0.488878;0.532254;0.010805;0.056226000000000005;2628.2081279999998;1430.698752;58.08768;151.135488;80.0;0.0;-59.79187200000024;1181.733504
0.585202;0.6954650000000001;0.078878;0.31757;3146.045952;1869.4099200000003;424.048128;853.6281600000001;10.0;34.0;458.04595199999994;391.77599999999984
0.4894049999999999;0.535638;0.011069;0.061972;2631.0412799999995;1439.7949439999998;59.506944000000004;166.580736;90.0;0.0;-56.95872000000054;1164.9146880000003
0.634335;0.558177;0.014561;0.08688000000000001;3410.18496;1500.379776;78.27993599999999;233.53344000000004;60.0;45.0;722.18496;1070.853504
0.48930899999999994;0.6050649999999999;0.028466;0.162964;2630.5251839999996;1626.4147199999995;153.033216;438.047232;30.0;0.0;-57.474816000000374;842.5616640000005
0.493817;0.640399;0.044542;0.22363;2654.760192;1721.3925120000001;239.45779199999998;601.11744;20.0;0.0;-33.23980799999981;666.0487679999999
0.507889;0.523349;0.006822;0.041036;2730.4112640000003;1406.762112;36.675072;110.30476800000001;160.0;0.0;42.4112640000003;1226.0855040000001
0.540572;0.550128;0.013785;0.086472;2906.1150720000005;1478.744064;74.10816;232.436736;60.0;18.0;218.1150720000005;1093.037568
0.6083099999999999;0.521379;0.007354;0.037754;3270.2745599999994;1401.466752;39.535104000000004;101.482752;160.0;34.0;582.2745599999994;1235.791872
0.508097;0.544529;0.012217;0.083961;2731.529472;1463.693952;65.67859200000001;225.68716799999999;70.0;0.0;43.52947200000017;1111.462464
0.505588;0.552516;0.0159;0.097469;2718.0410880000004;1485.163008;85.47840000000001;261.996672;60.0;0.0;30.0410880000004;1071.838656
0.602885;0.522253;0.006051;0.035437;3241.10976;1403.8160639999999;32.530176;95.25465600000001;160.0;34.0;553.1097599999998;1236.556608
0.638094;0.55414;0.019194;0.098537;3430.393344;1489.52832;103.186944;264.867456;60.0;45.0;742.3933440000001;1066.0379520000001
0.584105;0.681139;0.078547;0.363985;3140.14848;1830.901632;422.26867200000004;978.39168;10.0;34.0;452.14847999999984;367.9025280000001
0.559033;0.521103;0.005916;0.030679;3005.361408;1400.724864;31.804416;82.465152;180.0;18.0;317.3614080000002;1246.0425599999999
0.637905;0.5229690000000001;0.008635;0.04538600000000001;3429.37728;1405.7406720000004;46.42176;121.99756800000003;140.0;45.0;741.3772800000002;1221.2605439999995
0.500052;0.7518700000000001;0.20109300000000002;0.385189;2688.2795520000004;2021.0265600000005;1081.075968;1035.388032;5.0;0.0;0.2795520000004217;149.27942399999938
0.5711740000000001;0.5691859999999999;0.021928;0.113817;3070.631424;1529.9719679999996;117.884928;305.940096;100.0;45.0;382.63142400000015;1005.0579840000005
0.591963;0.7236939999999998;0.08377600000000002;0.280798;3182.3930880000003;1945.2894719999995;450.3797760000001;754.785024;10.0;34.0;494.39308800000026;365.3180160000006
0.49002900000000005;0.5483239999999999;0.012506;0.087314;2634.3959040000004;1473.8949119999997;67.23225599999999;234.70003200000002;80.0;0.0;-53.60409599999957;1096.7550720000002
0.5048939999999998;0.6084109999999999;0.028526;0.160724;2714.310143999999;1635.4087679999998;153.355776;432.026112;30.0;0.0;26.310143999999127;836.5781760000002
0.501739;0.645724;0.042065;0.213449;2697.348864;1735.7061119999998;226.14144;573.750912;20.0;0.0;9.348864000000049;665.4184320000002
0.617493;0.5544830000000001;0.014912000000000002;0.090606;3319.642368;1490.4503040000002;80.16691200000001;243.54892800000002;60.0;45.0;631.6423679999998;1075.7752319999997
0.61754;0.545759;0.014233;0.080442;3319.89504;1467.000192;76.516608;216.228096;70.0;45.0;631.8950399999999;1112.8857600000001
0.540233;0.552231;0.0147;0.095763;2904.2926079999997;1484.3969280000001;79.0272;257.41094400000003;60.0;18.0;216.29260799999975;1074.8975999999998
0.50684;0.529268;0.007128;0.045319000000000005;2724.77184;1422.672384;38.320128;121.81747200000001;120.0;0.0;36.771839999999884;1204.41888
0.6336209999999999;0.634868;0.047387;0.250198;3406.346495999999;1706.525184;254.752512;672.5322239999999;20.0;45.0;718.3464959999992;645.2087039999999
0.634947;0.598435;0.031918;0.179133;3413.475072;1608.59328;171.591168;481.509504;30.0;45.0;725.4750720000002;838.6519679999999
0.559972;0.52743;0.00893;0.04905;3010.4094720000003;1417.73184;48.00768;131.84640000000002;120.0;18.0;322.4094720000003;1204.3449600000001
0.5133430000000001;0.5276719999999999;0.009483;0.049446;2759.7319680000005;1418.3823359999997;50.980608000000004;132.910848;120.0;0.0;71.7319680000005;1203.1622400000003
0.542023;0.5533300000000001;0.017182;0.095022;2913.915648;1487.3510400000002;92.370432;255.41913599999998;60.0;18.0;225.91564800000015;1072.9393919999998
0.602785;0.525585;0.008332;0.051002;3240.57216;1412.7724799999999;44.792832000000004;137.093376;120.0;34.0;552.5721600000002;1206.6808320000002
0.618281;0.546964;0.010968;0.10454;3323.878656;1470.239232;58.963968;281.00352;60.0;45.0;635.8786559999999;1077.259008
0.507406;0.63411;0.05643;0.23437000000000002;2727.814656;1704.48768;303.36768;629.98656;20.0;0.0;39.814656000000014;668.5190400000001
0.514064;0.5979350000000001;0.03768;0.178243;2763.608064;1607.2492800000002;202.56768;479.117184;30.0;0.0;75.60806400000001;841.1921279999997
0.605473;0.6976310000000001;0.110473;0.340509;3255.022848;1875.2321280000003;593.9028480000001;915.288192;10.0;34.0;567.0228480000001;355.12377599999945
0.492813;0.540568;0.016534;0.07657;2649.362688;1453.0467840000001;88.886784;205.82016;80.0;0.0;-38.63731199999984;1132.0431359999998
0.5044629999999999;0.8161964415823365;0.19127000000000005;0.2660768831646739;2711.9930879999993;2193.9360349733206;1028.2675200000003;715.2146619466436;5.0;0.0;23.99308799999926;136.45663405335745
0.63605;0.513355;0.0058379999999999994;0.035066;3419.4048000000003;1379.89824;31.385087999999996;94.257408;200.0;45.0;731.4048000000003;1260.973056
0.633529;0.538756;0.011825;0.075383;3405.851904;1448.176128;63.571200000000005;202.62950400000003;80.0;45.0;717.8519040000001;1138.50912
0.842609;0.544276;0.013121;0.079759;4529.865984;1463.013888;70.53849600000001;214.392192;5.0;0.0;1841.865984;1117.7900160000002
0.529097;0.7867019999999999;0.23620999999999998;0.407594;2844.4254720000004;2114.654976;1269.8649599999999;1095.612672;0.5;0.0;156.42547200000035;25.538688000000093
0.614034;0.520448;0.004737;0.028274;3301.0467839999997;1398.964224;25.466112;76.000512;0.05;0.0;613.0467839999997;1251.03552
0.633337;0.5256050000000001;0.007352;0.047197;3404.8197120000004;1412.8262400000003;39.524352;126.865536;140.0;45.0;716.8197120000004;1211.7409919999998
0.506453;0.5437300000000002;0.011001;0.065648;2722.6913280000003;1461.5462400000004;59.141376;176.461824;80.0;0.0;34.69132800000034;1138.2228479999997
0.588921;0.6984180000000001;0.080778;0.3215;3166.039296;1877.3475840000003;434.26252800000003;864.192;10.0;34.0;478.0392959999999;378.55641599999944
0.49062;0.6622489999999999;0.053047;0.269033;2637.57312;1780.1253119999997;285.18067199999996;723.160704;20.0;0.0;-50.42687999999998;546.2943360000004
0.49091200000000007;0.633331;0.040948000000000005;0.23768700000000004;2639.1429120000003;1702.393728;220.13644800000003;638.9026560000001;30.0;0.0;-48.85708799999975;666.1549439999999
0.615493;0.5393239999999999;0.010945;0.072413;3308.890368;1449.7029119999997;58.84032;194.64614400000002;70.0;45.0;620.8903679999999;1140.9740160000003
0.6171860000000001;0.552087;0.01266;0.095604;3317.991936000001;1484.009856;68.06016;256.983552;60.0;45.0;629.9919360000008;1075.498368
0.558445;0.55846;0.0147;0.08672;3002.20032;1501.1404799999998;79.0272;233.10336;60.0;18.0;314.2003199999999;1070.3078400000002
0.603037;0.521023;0.007094;0.036055;3241.9269120000004;1400.509824;38.137344;96.91583999999999;160.0;34.0;553.9269120000004;1239.032256
0.56051;0.520019;0.006804;0.03943;3013.30176;1397.811072;36.578304;105.98784;160.0;18.0;325.30175999999983;1237.1950080000001
0.564614;0.554437;0.020407;0.09453899999999998;3035.3648639999997;1490.326656;109.708032;254.12083199999995;60.0;18.0;347.36486399999967;1070.612928
0.486917;0.59871;0.03435;0.17765700000000004;2617.665792;1609.3324799999998;184.66559999999998;477.5420160000001;30.0;0.0;-70.33420800000022;839.8965120000003
0.506243;0.640013;0.051216;0.23458;2721.562368;1720.3549440000002;275.337216;630.5510400000001;20.0;0.0;33.56236799999988;652.3695359999997
0.513632;0.540009;0.013665;0.07337;2761.285632;1451.5441919999998;73.46304;197.21856000000002;80.0;0.0;73.28563200000008;1137.846528
0.5913379999999999;0.691903;0.105803;0.32974599999999993;3179.0330879999997;1859.835264;568.796928;886.3572479999998;10.0;34.0;491.0330879999997;384.98611200000005
0.6336034918812723;0.5135701963413394;0.003115376737121238;0.023581005456364323;3406.2523723537197;1380.4766877655202;16.748265338763776;63.3857426667073;240.0;45.0;718.2523723537197;1275.8304409011262
0.6028724756552719;0.5176931099802192;0.00617519432480151;0.03326184215858973;3241.042429122742;1391.5590796268293;33.19784469013292;89.4078317222892;180.0;34.0;553.0424291227419;1251.737004512026
0.5605104701091607;0.518662758288362;0.004674461116890686;0.03224387142712114;3013.3042873068475;1394.165494279117;25.129902964404327;86.67152639610161;180.0;18.0;325.3042873068475;1250.4987425228323
