x,y,w,h,Cx,Cy,W,H,distance,angle,x_center,y2,person,y_low,angle_rad
565.6854152679443,565.6854152679443,0.011445,0.076111,3307.07328,1442.6926079999996,61.52832,204.586368,800.0,45.0,619.0732800000001,1143.0142080000005,4,0.4252285000000002,0.7853982
279.5964479446411,414.518803358078,0.016799,0.11218,3149.8951680000005,1516.3357440000002,90.311424,301.53984,500.0,34.0,461.89516800000047,1020.8943359999998,2,0.37979699999999994,0.5934119
223.6771583557129,331.6150426864624,0.02338,0.135353,3140.14848,1553.397888,125.69088,363.828864,400.0,34.0,452.14847999999984,952.68768,2,0.3544225,0.5934119
247.21360206604004,760.8452320098877,0.012322999999999999,0.069817,2911.0609919999997,1453.807488,66.248448,187.66809600000002,800.0,18.0,223.06099199999971,1140.3584640000001,2,0.4242405000000001,0.31415927
707.1067690849304,707.1067690849304,0.008383,0.050309,3405.475584,1443.3753600000002,45.067008,135.230592,1000.0,45.0,717.4755839999998,1177.0093439999998,7,0.4378754999999999,0.7853982
55.91928958892822,82.9037606716156,0.076836,0.337703,3228.1643520000002,1850.6772480000002,413.070336,907.7456639999999,100.0,34.0,540.1643520000002,383.44992,8,0.14265250000000002,0.5934119
0.0,300.0,0.028638,0.172865,2729.6048640000004,1594.8441599999999,153.957888,464.66112,300.0,0.0,41.60486400000036,860.82528,8,0.3202475,0.0
0.0,200.0,0.04705,0.23919999999999997,2723.728896,1697.517696,252.9408,642.9695999999999,200.0,0.0,35.72889600000008,668.9975040000002,8,0.24888300000000005,0.0
671.0314750671387,994.8451280593872,0.010973,0.052491,3265.5114240000003,1422.511104,58.990848,141.095808,1200.0,34.0,577.5114240000003,1194.940992,6,0.4445465,0.5934119
0.0,1200.0,0.008401,0.049392,2734.061568,1416.9415680000002,45.163776000000006,132.765696,1200.0,0.0,46.06156800000008,1204.6755839999998,8,0.44816799999999996,0.0
92.70510077476501,285.3169620037079,0.029126,0.172404,2900.792832,1616.205696,156.581376,463.42195200000003,300.0,18.0,212.7928320000001,840.0833279999999,1,0.312531,0.31415927
61.80340051651001,190.21130800247192,0.033192,0.237087,2917.963776,1709.3529600000002,178.440192,637.289856,200.0,18.0,229.96377600000005,660.0021119999999,1,0.24553649999999996,0.31415927
141.42135381698608,141.42135381698608,0.04449,0.21978799999999998,3403.2714240000005,1756.978944,239.17824000000002,590.7901439999999,200.0,45.0,715.2714240000005,635.6259840000002,7,0.2364680000000001,0.7853982
212.13203072547913,212.13203072547913,0.028422,0.164801,3401.728512,1635.0620159999999,152.796672,442.985088,300.0,45.0,713.7285120000001,831.4454400000002,7,0.3093175000000001,0.7853982
0.0,700.0,0.014855,0.078346,2628.294144,1470.09408,79.86048,210.594048,700.0,0.0,-59.70585600000004,1112.608896,2,0.413917,0.0
0.0,600.0,0.019929,0.093483,2643.873792,1493.6678399999998,107.13830399999999,251.28230399999998,600.0,0.0,-44.12620800000013,1068.6910080000002,2,0.3975785000000001,0.0
212.13203072547913,212.13203072547913,0.039995,0.18600899999999998,3421.7379840000003,1624.4390400000002,215.01312000000001,499.99219199999993,300.0,45.0,733.7379840000003,813.564864,6,0.3026655,0.7853982
141.42135381698608,141.42135381698608,0.0626,0.24724000000000002,3415.485696,1722.3144960000002,336.5376,664.58112,200.0,45.0,727.4856960000002,633.3949439999997,6,0.23563799999999988,0.7853982
671.0314750671387,994.8451280593872,0.007505,0.047283,3236.8197120000004,1423.3497600000003,40.34688,127.096704,1200.0,34.0,548.8197120000004,1201.1018879999997,7,0.44683849999999986,0.5934119
707.1067690849304,707.1067690849304,0.011739999999999999,0.059863,3432.920064,1431.70944,63.114239999999995,160.911744,1000.0,45.0,744.9200639999999,1175.834688,6,0.43743849999999995,0.7853982
247.21360206604004,760.8452320098877,0.012637,0.076805,2901.3250559999997,1444.240896,67.93651200000001,206.45184,800.0,18.0,213.32505599999968,1140.533184,3,0.42430549999999995,0.31415927
223.6771583557129,331.6150426864624,0.016263,0.147698,3148.013568,1539.694464,87.429888,397.012224,400.0,34.0,460.01356799999985,949.799424,3,0.353348,0.5934119
279.5964479446411,414.518803358078,0.015534,0.119511,3144.63744,1499.949696,83.510784,321.245568,500.0,34.0,456.63743999999997,1027.4275200000002,3,0.38222750000000005,0.5934119
565.6854152679443,565.6854152679443,0.01064,0.064543,3407.4163200000003,1463.66976,57.20064,173.49158400000002,800.0,45.0,719.4163200000003,1137.584448,7,0.42320850000000004,0.7853982
223.6771583557129,331.6150426864624,0.021778,0.137603,3142.8203519999997,1549.736832,117.07852799999999,369.876864,400.0,34.0,454.82035199999973,953.324736,1,0.3546595,0.5934119
279.5964479446411,414.518803358078,0.012566,0.111127,3144.4976640000004,1510.9678079999999,67.554816,298.709376,500.0,34.0,456.49766400000044,1027.6775040000002,1,0.38232050000000006,0.5934119
247.21360206604004,760.8452320098877,0.011845,0.069357,2908.813824,1450.073856,63.67872,186.43161600000002,800.0,18.0,220.81382399999984,1144.710336,1,0.42585950000000006,0.31415927
1006.547212600708,1492.2676920890808,0.006733,0.036277,3267.005951999999,1397.4320639999999,36.196608000000005,97.512576,1800.0,34.0,579.0059519999991,1241.811648,6,0.46198350000000005,0.5934119
707.1067690849304,707.1067690849304,0.008745,0.057506,3309.772032,1425.019008,47.013119999999994,154.576128,1000.0,45.0,621.7720319999999,1185.692928,4,0.441106,0.7853982
0.0,800.0,0.011325,0.073225,2729.959679999999,1450.947456,60.8832,196.8288,800.0,0.0,41.959679999999025,1138.638144,8,0.4236005,0.0
185.41020154953003,570.6339240074158,0.016246,0.098799,3001.953024,1484.840448,87.338496,265.571712,600.0,18.0,313.9530239999999,1070.373696,8,0.3982045,0.31415927
494.4272041320801,1521.6904640197754,0.006979,0.037759,3036.698112,1404.6923519999998,37.519104,101.49619200000001,1600.0,18.0,348.69811200000004,1232.5595520000002,6,0.45854150000000005,0.31415927
0.0,1600.0,0.0051717252470185274,0.03519860765136838,2734.605835468101,1401.9233288652063,27.803194927971603,94.61385736687821,1600.0,0.0,46.60583546810085,1238.7697424513547,1,0.46085183870958135,0.0
0.0,1700.0,0.0049401554598411225,0.03365480907016817,2728.1278724253266,1399.9433877798485,26.558275752105875,90.46412678061205,1700.0,0.0,40.127872425326586,1242.8245488298455,1,0.46236032322538895,0.0
61.80340051651001,190.21130800247192,0.042494,0.22292,2937.3388799999993,1709.799168,228.44774399999997,599.20896,200.0,18.0,249.33887999999934,678.596352,2,0.252454,0.31415927
92.70510077476501,285.3169620037079,0.030286,0.17134900000000003,2914.3511040000003,1619.6490239999998,162.817536,460.58611200000007,300.0,18.0,226.3511040000003,838.0579200000002,2,0.3117775000000001,0.31415927
212.13203072547913,212.13203072547913,0.029262,0.183494,3317.9005439999996,1606.571904,157.312512,493.23187199999995,300.0,45.0,629.9005439999996,834.8121600000002,4,0.31057000000000007,0.7853982
141.42135381698608,141.42135381698608,0.04151,0.240717,3323.781888,1707.2482559999996,223.15776,647.047296,200.0,45.0,635.781888,657.2280960000003,4,0.2445045000000001,0.7853982
0.0,600.0,0.018379,0.097288,2624.461056,1491.512064,98.805504,261.510144,600.0,0.0,-63.5389439999999,1065.732864,1,0.396478,0.0
0.0,700.0,0.013759,0.080557,2629.820928,1470.166656,73.968384,216.537216,700.0,0.0,-58.179071999999906,1109.5647359999998,1,0.41278449999999994,0.0
141.42135381698608,141.42135381698608,0.04747599999999999,0.234102,3285.590784,1698.3455999999999,255.23097599999994,629.266176,200.0,45.0,597.590784,675.0213120000001,5,0.251124,0.7853982
212.13203072547913,212.13203072547913,0.030484,0.17790099999999998,3324.125952,1605.389184,163.88198400000002,478.1978879999999,300.0,45.0,636.1259519999999,843.511872,5,0.3138065,0.7853982
92.70510077476501,285.3169620037079,0.027622,0.187945,2895.637247999999,1596.5940480000002,148.495872,505.19616,300.0,18.0,207.6372479999991,838.8078719999999,3,0.31205649999999996,0.31415927
61.80340051651001,190.21130800247192,0.033796,0.257269,2898.373632,1698.060672,181.687296,691.539072,200.0,18.0,210.37363199999982,644.1697919999999,3,0.23964649999999996,0.31415927
494.4272041320801,1521.6904640197754,0.006743,0.035114,3004.56576,1407.1706879999997,36.250368,94.386432,1600.0,18.0,316.56575999999995,1233.6360960000004,7,0.4589420000000001,0.31415927
1697.056245803833,1697.056245803833,0.0032687491303333618,0.021299591107333954,3406.6209303668784,1386.0230143052386,17.572795324672153,57.253300896513664,2400.0,45.0,718.6209303668784,1273.3503352465045,7,0.4737166425768246,0.7853982
1006.547212600708,1492.2676920890808,0.005710999999999999,0.032527,3239.303424,1398.507264,30.702335999999995,87.432576,1800.0,34.0,551.3034240000002,1245.7764479999998,7,0.46345849999999994,0.5934119
707.1067690849304,707.1067690849304,0.011485,0.062806,3309.992448,1427.5295999999998,61.74336,168.822528,1000.0,45.0,621.992448,1176.059136,5,0.437522,0.7853982
223.6771583557129,331.6150426864624,0.021376,0.13714,3153.4809600000003,1547.876736,114.91737599999999,368.63232000000005,400.0,34.0,465.4809600000003,955.807104,4,0.355583,0.5934119
279.5964479446411,414.518803358078,0.015936,0.110693,3137.3207039999998,1512.145152,85.67193599999999,297.542784,500.0,34.0,449.32070399999975,1027.0834559999998,4,0.3820994999999999,0.5934119
565.6854152679443,565.6854152679443,0.012174,0.066848,3310.4655359999997,1452.1973759999998,65.447424,179.68742400000002,800.0,45.0,622.4655359999997,1145.958912,2,0.42632400000000004,0.7853982
247.21360206604004,760.8452320098877,0.010096,0.069262,2900.5240319999994,1447.152,54.276096,186.17625600000002,800.0,18.0,212.52403199999935,1147.7598719999999,4,0.42699399999999993,0.31415927
61.80340051651001,190.21130800247192,0.045674,0.216784,3001.625088,1753.96032,245.543424,582.7153920000001,200.0,18.0,313.6250879999998,642.681984,7,0.23909300000000003,0.31415927
92.70510077476501,285.3169620037079,0.030351,0.165154,2992.87296,1644.3221760000001,163.166976,443.933952,300.0,18.0,304.87296000000015,821.7108479999999,7,0.30569599999999997,0.31415927
0.0,600.0,0.017748,0.111017,2641.744896,1517.7361920000003,95.413248,298.413696,600.0,0.0,-46.25510399999985,1021.0569599999997,4,0.37985749999999985,0.0
0.0,700.0,0.015141,0.11493,2629.111296,1514.464896,81.398016,308.93184,700.0,0.0,-58.88870399999996,1019.069184,4,0.37911799999999996,0.0
212.13203072547913,212.13203072547913,0.03071,0.170815,3283.725312,1618.1383680000001,165.09696,459.15072,300.0,45.0,595.725312,840.2862719999998,1,0.31260649999999995,0.7853982
141.42135381698608,141.42135381698608,0.04506,0.218347,3301.6972799999994,1710.2830079999999,242.24256000000003,586.916736,200.0,45.0,613.6972799999994,684.258624,1,0.2545605,0.7853982
0.0,700.0,0.018799,0.084049,2644.142592,1471.0483199999996,101.063424,225.923712,700.0,0.0,-43.85740799999985,1103.9898240000005,5,0.41071050000000014,0.0
0.0,600.0,0.0213,0.09626,2643.766272,1492.810368,114.5088,258.74688,600.0,0.0,-44.233728000000156,1065.816192,5,0.396509,0.0
370.82040309906006,1141.2678480148315,0.008559,0.049741,3011.586816,1417.5194880000001,46.013184,133.703808,1200.0,18.0,323.586816,1203.6286079999998,8,0.4477784999999999,0.31415927
92.70510077476501,285.3169620037079,0.038893,0.18092,3057.535488,1616.99328,209.088768,486.31296,300.0,18.0,369.535488,827.8502400000002,6,0.3079800000000001,0.31415927
61.80340051651001,190.21130800247192,0.064712,0.250145,3031.8812159999998,1731.8004480000004,347.89171200000004,672.38976,200.0,18.0,343.88121599999977,620.0046719999996,6,0.23065649999999985,0.31415927
671.0314750671387,994.8451280593872,0.008499,0.048330000000000005,3238.373376,1418.6833920000001,45.690624,129.91104,1200.0,34.0,550.373376,1204.3610879999999,1,0.448051,0.5934119
247.21360206604004,760.8452320098877,0.014162,0.071326,2906.464512,1451.767296,76.134912,191.724288,800.0,18.0,218.464512,1140.37056,5,0.42424500000000004,0.31415927
1414.2135381698608,1414.2135381698608,0.006666,0.038452,3415.845888,1378.5219840000002,35.836416,103.358976,2000.0,45.0,727.8458879999998,1257.7985279999998,8,0.46793099999999993,0.7853982
279.5964479446411,414.518803358078,0.019658,0.110854,3152.077824,1514.4622080000001,105.68140799999999,297.975552,500.0,34.0,464.07782399999996,1024.550016,5,0.38115699999999997,0.5934119
223.6771583557129,331.6150426864624,0.020952,0.137249,3152.8788480000003,1548.169728,112.63795199999998,368.925312,400.0,34.0,464.8788480000003,955.367616,5,0.3554195,0.5934119
279.5964479446411,414.518803358078,0.013322,0.102635,3235.846656,1525.3727999999996,71.619072,275.88288,500.0,34.0,547.8466560000002,1024.6857600000003,7,0.3812075000000001,0.5934119
223.6771583557129,331.6150426864624,0.020635,0.128227,3232.809216,1570.727424,110.93376,344.67417600000005,400.0,34.0,544.8092160000001,944.9354880000001,7,0.35153850000000003,0.5934119
565.6854152679443,565.6854152679443,0.00739,0.059585,3309.1591679999997,1423.18848,39.72864,160.16448,800.0,45.0,621.1591679999997,1184.72928,1,0.4407475,0.7853982
989.9494767189026,989.9494767189026,0.007538,0.048652,3406.7980799999996,1406.299776,40.524288000000006,130.776576,1400.0,45.0,718.7980799999996,1216.3119359999998,8,0.4524969999999999,0.7853982
247.21360206604004,760.8452320098877,0.010573,0.065908,3004.7485440000005,1461.9709440000001,56.840448,177.16070399999998,800.0,18.0,316.7485440000005,1137.448704,7,0.423158,0.31415927
707.1067690849304,707.1067690849304,0.010021,0.061295,3305.7239039999995,1425.4087679999998,53.872896000000004,164.76096,1000.0,45.0,617.7239039999995,1180.2107520000002,2,0.4390665000000001,0.7853982
424.26406145095825,424.26406145095825,0.015811,0.096807,3414.233088,1484.122752,84.99993599999999,260.217216,600.0,45.0,726.233088,1073.76864,8,0.3994675,0.7853982
0.0,1700.0,0.006011,0.032692,2722.0730879999996,1401.9317760000001,32.315136,87.87609599999999,1700.0,0.0,34.07308799999964,1242.130176,7,0.46210199999999996,0.0
0.0,1600.0,0.006472,0.041298,2722.4816639999995,1413.5896320000002,34.793472,111.00902400000001,1600.0,0.0,34.481663999999455,1218.9058559999999,7,0.4534619999999999,0.0
92.70510077476501,285.3169620037079,0.027218,0.18427800000000003,2910.630912,1614.700416,146.323968,495.33926400000007,300.0,18.0,222.63091200000008,825.629952,4,0.307154,0.31415927
61.80340051651001,190.21130800247192,0.04047838086476573,0.2447102115915364,2922.9218031278733,1718.6384544618209,217.6117755289806,657.7810487580498,200.0,18.0,234.92180312787332,640.4710211591541,4,0.23827046918123293,0.31415927
0.0,700.0,0.012020999999999999,0.074403,2731.018751999999,1476.179712,64.62489599999999,199.995264,700.0,0.0,43.01875199999904,1111.8226559999998,7,0.41362449999999995,0.0
0.0,600.0,0.015154,0.087476,2723.196672,1498.9201919999996,81.467904,235.135488,600.0,0.0,35.196672000000035,1071.5120640000005,7,0.39862800000000015,0.0
141.42135381698608,141.42135381698608,0.03950088960441658,0.24010111683532628,3287.9397992566696,1717.552861026677,212.35678251334352,645.3918020533571,200.0,45.0,599.9397992566696,647.7512379466446,2,0.2409788831646743,0.7853982
212.13203072547913,212.13203072547913,0.025709999999999997,0.17160555841766356,3316.255488,1618.8527825133394,138.21695999999997,461.27574102667967,300.0,45.0,628.2554879999998,838.5093469733208,2,0.3119454415823366,0.7853982
212.13203072547913,212.13203072547913,0.022115,0.187763,3326.862336,1594.518912,118.89023999999999,504.706944,300.0,45.0,638.8623360000001,841.127616,3,0.3129195,0.7853982
141.42135381698608,141.42135381698608,0.035424,0.260522,3341.845248,1685.4539519999998,190.43942399999997,700.2831359999999,200.0,45.0,653.8452480000001,652.4044800000001,3,0.24271000000000006,0.7853982
0.0,600.0,0.019128,0.095208,2755.291392,1487.6736,102.832128,255.919104,600.0,0.0,67.29139200000009,1072.366848,6,0.39894599999999997,0.0
0.0,700.0,0.016699,0.083161,2750.350848,1468.48128,89.77382399999999,223.536768,700.0,0.0,62.35084800000004,1107.750336,6,0.4121095,0.0
894.7086334228516,1326.4601707458496,0.007018,0.04013599999999999,3241.4108159999996,1395.17952,37.728768,107.88556799999998,1600.0,34.0,553.4108159999996,1238.877696,8,0.460892,0.5934119
61.80340051651001,190.21130800247192,0.0431,0.240803,2962.36356651334,1717.2608581711127,231.7056,647.278464,200.0,18.0,274.3635665133402,647.0999098288873,5,0.2407365735970563,0.31415927
92.70510077476501,285.3169620037079,0.034177,0.180397,2934.19392,1608.51264,183.73555199999998,484.907136,300.0,18.0,246.19392000000016,837.0337920000002,5,0.3113965000000001,0.31415927
0.0,1600.0,0.007296,0.038211,2753.8506239999997,1401.71136,39.223296000000005,102.711168,1600.0,0.0,65.8506239999997,1234.933056,6,0.4594245,0.0
494.4272041320801,1521.6904640197754,0.004663061375918292,0.03640196299910434,3010.928453599464,1399.6779095018755,25.068617956936738,97.84847654159246,1600.0,18.0,322.92845359946386,1239.3978522273283,1,0.4610855105012382,0.31415927
0.0,1700.0,0.00685,0.036096,2749.39392,1397.98848,36.8256,97.026048,1700.0,0.0,61.39391999999998,1241.498496,6,0.46186699999999997,0.0
1697.056245803833,1697.056245803833,0.002844764055164611,0.02369436390251156,3408.4260460488895,1381.1308538701076,15.293451560564948,63.69045016995108,2400.0,45.0,720.4260460488895,1275.023921044917,1,0.47433925634111496,0.7853982
1006.547212600708,1492.2676920890808,0.005697388663919934,0.031942736443616705,3245.8559905362104,1392.9795387075023,30.629161457233565,85.86207556044171,1800.0,34.0,557.8559905362104,1252.0894235122769,1,0.46580707719950776,0.5934119
556.2306046485901,1711.9017720222473,0.007656,0.034618,3006.3075839999997,1391.7415680000001,41.158656,93.053184,1800.0,18.0,318.3075839999997,1249.73184,8,0.46492999999999995,0.31415927
247.21360206604004,760.8452320098877,0.015433999999999998,0.07338,3035.4293760000005,1455.944448,82.97318399999999,197.24544,800.0,18.0,347.4293760000005,1133.432832,6,0.421664,0.31415927
223.6771583557129,331.6150426864624,0.029865,0.142434,3260.24832,1552.502784,160.55424,382.862592,400.0,34.0,572.2483200000001,944.06592,6,0.351215,0.5934119
279.5964479446411,414.518803358078,0.023902,0.11346,3258.705408,1514.19072,128.497152,304.98048,500.0,34.0,570.7054079999998,1021.3190399999999,6,0.37995499999999993,0.5934119
1131.3708305358887,1131.3708305358887,0.006606999999999999,0.039907,3414.7653119999995,1395.590784,35.519231999999995,107.270016,1600.0,45.0,726.7653119999995,1238.774208,1,0.4608535,0.7853982
167.75786876678467,248.7112820148468,0.02833,0.177376,3151.2069119999996,1603.90272,152.30208000000002,476.786688,300.0,34.0,463.20691199999965,845.7039359999999,4,0.31462199999999996,0.5934119
111.83857917785645,165.8075213432312,0.040882,0.238977,3167.168256,1700.525568,219.781632,642.370176,200.0,34.0,479.16825599999993,666.289344,4,0.2478755,0.5934119
154.50850129127502,475.5282700061798,0.017601,0.10382300000000001,3002.8346880000004,1532.2433279999998,94.622976,279.076224,500.0,18.0,314.83468800000037,1016.2185600000003,7,0.3780575000000001,0.31415927
1272.7921843528748,1272.7921843528748,0.006799,0.04055899999999999,3411.491328,1384.9946879999998,36.551424000000004,109.02259199999997,1800.0,45.0,723.4913280000001,1248.4940160000003,8,0.46446950000000015,0.7853982
123.60680103302002,380.42261600494385,0.022193,0.129665,3002.9045760000004,1572.9799679999999,119.309568,348.53952,400.0,18.0,314.90457600000036,940.7502720000002,7,0.34998150000000006,0.31415927
0.0,100.0,0.077967,0.32152500000000006,2658.367488,1881.5892479999995,419.15059199999996,864.2592000000002,100.0,0.0,-29.632512000000133,374.2811520000005,4,0.13924150000000018,0.0
447.3543167114258,663.2300853729248,0.010999000000000002,0.067743,3238.093824,1461.62688,59.13062400000001,182.093184,800.0,34.0,550.093824,1135.326528,7,0.42236850000000004,0.5934119
282.84270763397217,282.84270763397217,0.0225,0.139018,3303.272448,1557.0831359999997,120.96,373.680384,400.0,45.0,615.2724480000002,944.0766720000001,1,0.35121900000000006,0.7853982
353.5533845424652,353.5533845424652,0.016901,0.11147800000000001,3319.674624,1509.497472,90.859776,299.652864,500.0,45.0,631.6746240000002,1028.676096,1,0.382692,0.7853982
309.01700258255005,951.0565400123596,0.010543,0.062968,2900.3251199999995,1423.451904,56.679168000000004,169.257984,1000.0,18.0,212.32511999999952,1179.919104,3,0.438958,0.31415927
782.8700542449951,1160.6526494026184,0.007789000000000001,0.041522,3244.754687999999,1405.5229439999998,41.873664000000005,111.61113600000002,1400.0,34.0,556.7546879999991,1226.6714880000002,1,0.45635100000000006,0.5934119
309.01700258255005,951.0565400123596,0.009777,0.055921000000000005,2907.6794879999998,1434.42432,52.56115199999999,150.315648,1000.0,18.0,219.67948799999976,1178.417856,2,0.4383995,0.31415927
0.0,100.0,0.10296199999999998,0.33524100000000007,2687.365632,1863.1952640000004,553.5237119999999,901.1278080000002,100.0,0.0,-0.6343679999999949,374.2408319999995,5,0.1392264999999998,0.0
447.3543167114258,663.2300853729248,0.01481,0.072718,3273.28512,1454.5493759999997,79.61856,195.46598400000002,800.0,34.0,585.28512,1135.7176320000003,6,0.4225140000000001,0.5934119
432.62380361557007,1331.4791560173035,0.0077729999999999995,0.042923,3012.8824320000003,1406.9502719999998,41.787648,115.377024,1400.0,18.0,324.88243200000034,1223.3612160000002,8,0.45511950000000007,0.31415927
123.60680103302002,380.42261600494385,0.027526,0.142266,3051.691776,1557.497088,147.979776,382.41100800000004,400.0,18.0,363.6917760000001,939.2974079999999,6,0.34944099999999995,0.31415927
154.50850129127502,475.5282700061798,0.024236,0.11477,3023.537664,1520.187648,130.292736,308.50176,500.0,18.0,335.53766399999995,1013.5614719999999,6,0.37706899999999993,0.31415927
111.83857917785645,165.8075213432312,0.041001,0.232202,3183.4414079999997,1702.2700799999998,220.421376,624.1589759999999,200.0,34.0,495.4414079999997,673.6504320000004,5,0.2506140000000001,0.5934119
167.75786876678467,248.7112820148468,0.034227,0.172941,3155.448576,1610.66304,184.004352,464.865408,300.0,34.0,467.4485759999998,844.904256,5,0.3143245,0.5934119
111.83857917785645,165.8075213432312,0.042222,0.21279299999999998,3217.665024,1741.6385280000004,226.98547200000002,571.987584,200.0,34.0,529.6650239999999,660.3676799999996,7,0.24567249999999985,0.5934119
167.75786876678467,248.7112820148468,0.028014,0.163906,3224.8097279999997,1631.621376,150.603264,440.579328,300.0,34.0,536.8097279999997,836.08896,7,0.311045,0.5934119
848.5281229019165,848.5281229019165,0.008047,0.053883,3408.1582080000007,1410.772608,43.260672,144.837504,1200.0,45.0,720.1582080000007,1204.80864,8,0.4482175,0.7853982
123.60680103302002,380.42261600494385,0.021619000000000003,0.142834,2911.2168960000004,1550.016384,116.22374400000001,383.93779199999994,400.0,18.0,223.21689600000036,946.0147200000001,4,0.35194000000000003,0.31415927
154.50850129127502,475.5282700061798,0.016794,0.11648200000000002,2901.846528,1514.6396160000002,90.284544,313.10361600000005,500.0,18.0,213.84652800000003,1016.8085759999999,4,0.378277,0.31415927
447.3543167114258,663.2300853729248,0.011062,0.068718,3138.9388799999997,1450.5684479999995,59.469312,184.713984,800.0,34.0,450.9388799999997,1145.0745600000005,4,0.4259950000000002,0.5934119
0.0,100.0,0.086961,0.292015,2681.806848,1936.5615360000002,467.50233599999996,784.93632,100.0,0.0,-6.193151999999827,358.97030399999994,7,0.13354549999999998,0.0
353.5533845424652,353.5533845424652,0.017579,0.10947599999999999,3331.8673919999997,1515.002496,94.504704,294.271488,500.0,45.0,643.8673919999997,1025.86176,2,0.381645,0.7853982
282.84270763397217,282.84270763397217,0.022789,0.13497,3343.216128000001,1551.39264,122.513664,362.79936000000004,400.0,45.0,655.2161280000009,955.20768,2,0.35536,0.7853982
70.71067690849304,70.71067690849304,0.091895,0.360086,3344.59776,1874.35584,494.02752000000004,967.9111680000001,100.0,45.0,656.5977600000001,329.688576,8,0.12265200000000001,0.7853982
1118.3857917785645,1658.075213432312,0.004972606106017848,0.028841115414905184,3242.522039650614,1386.2783254557892,26.732730425951953,77.52491823526513,2000.0,34.0,554.5220396506138,1262.9592154265783,1,0.4698508985961973,0.5934119
0.0,1000.0,0.008645,0.05943400000000001,2725.476096,1445.5338239999999,46.47552,159.75859200000002,1000.0,0.0,37.47609599999987,1162.58688,7,0.43251,0.0
0.0,1000.0,0.010752,0.059305,2759.2481279999997,1432.889472,57.802752,159.41183999999998,1000.0,0.0,71.24812799999972,1175.4046079999998,6,0.43727849999999996,0.0
309.01700258255005,951.0565400123596,0.00884,0.05745599999999999,2900.8197120000004,1433.3894400000001,47.52384000000001,154.44172799999998,1000.0,18.0,212.81971200000044,1177.389696,1,0.438017,0.31415927
282.84270763397217,282.84270763397217,0.019555,0.147233,3364.306176,1533.8830079999998,105.12768,395.76230400000003,400.0,45.0,676.306176,956.2358400000003,3,0.35574250000000013,0.7853982
353.5533845424652,353.5533845424652,0.013485,0.122458,3316.26624,1495.955328,72.49536,329.167104,500.0,45.0,628.2662399999999,1027.46112,3,0.38223999999999997,0.7853982
447.3543167114258,663.2300853729248,0.012226,0.070234,3146.2018559999997,1453.984896,65.72697600000001,188.788992,800.0,34.0,458.2018559999997,1139.6206080000002,5,0.42396600000000007,0.5934119
0.0,100.0,0.092896,0.33222699999999994,2711.826432,1860.899712,499.408896,893.0261759999999,100.0,0.0,23.82643199999984,380.58719999999994,6,0.14158749999999998,0.0
154.50850129127502,475.5282700061798,0.020562,0.09865,2916.0552960000005,1529.0150399999998,110.541312,265.1712,500.0,18.0,228.05529600000045,1026.3993600000003,5,0.3818450000000001,0.31415927
559.1928958892822,829.037606716156,0.01031,0.05919499999999999,3243.8784,1426.056576,55.426559999999995,159.11615999999998,1000.0,34.0,555.8784,1182.385344,8,0.43987550000000003,0.5934119
123.60680103302002,380.42261600494385,0.024340999999999998,0.139603,2926.699776000001,1547.9708160000002,130.857216,375.252864,400.0,18.0,238.69977600000084,952.4027519999997,5,0.3543164999999999,0.31415927
167.75786876678467,248.7112820148468,0.035881,0.173032,3266.3823359999997,1600.970112,192.89625600000002,465.110016,300.0,34.0,578.3823359999997,854.47488,6,0.317885,0.5934119
111.83857917785645,165.8075213432312,0.05435700000000001,0.233486,3263.7158400000003,1702.751232,292.22323200000005,627.610368,200.0,34.0,575.7158400000003,671.4435839999999,6,0.24979299999999996,0.5934119
1555.634891986847,1555.634891986847,0.004070014441346356,0.025683194578152015,3408.022092653475,1385.8010841022915,21.880397636678012,69.03642702607262,2200.0,45.0,720.0220926534748,1267.6807023846723,1,0.47160740416096436,0.7853982
1131.3708305358887,1131.3708305358887,0.00616,0.036676,3406.050816,1406.176128,33.11616,98.585088,1600.0,45.0,718.0508159999999,1232.531328,7,0.458531,0.7853982
335.51573753356934,497.4225640296936,0.015388000000000002,0.095686,3232.1856000000002,1480.44288,82.72588800000001,257.203968,600.0,34.0,544.1856000000002,1078.955136,8,0.401397,0.5934119
111.83857917785645,165.8075213432312,0.045852,0.225793,3136.664832,1705.5037440000006,246.500352,606.9315839999999,200.0,34.0,448.66483199999993,679.0304639999995,2,0.2526154999999998,0.5934119
167.75786876678467,248.7112820148468,0.027987,0.17246100000000003,3159.512832,1608.59328,150.458112,463.5751680000001,300.0,34.0,471.5128319999999,847.6191359999998,2,0.3153344999999999,0.5934119
0.0,1400.0,0.007963,0.048067,2733.4433280000003,1408.745856,42.809087999999996,129.204096,1400.0,0.0,45.44332800000029,1214.652096,8,0.4518795,0.0
123.60680103302002,380.42261600494385,0.028763,0.135387,2900.1745920000003,1563.8273280000003,154.629888,363.920256,400.0,18.0,212.1745920000003,942.2125439999998,1,0.35052549999999993,0.31415927
154.50850129127502,475.5282700061798,0.018419,0.11064199999999999,2913.802752,1519.36512,99.020544,297.405696,500.0,18.0,225.80275200000005,1019.9320320000002,1,0.3794390000000001,0.31415927
353.5533845424652,353.5533845424652,0.017468,0.102985,3408.206591999999,1527.3377280000002,93.90796800000001,276.82367999999997,500.0,45.0,720.2065919999991,1022.2504319999998,7,0.38030149999999996,0.7853982
282.84270763397217,282.84270763397217,0.021167,0.128798,3406.948608,1569.587712,113.793792,346.209024,400.0,45.0,718.9486080000001,945.3077760000001,7,0.351677,0.7853982
0.0,100.0,0.095965,0.323487,2626.4878080000003,1911.2029439999997,515.90784,869.5330560000001,100.0,0.0,-61.512191999999686,342.03052800000023,2,0.1272435000000001,0.0
447.3543167114258,663.2300853729248,0.008684,0.073516,3143.50848,1447.2460800000003,46.68518400000001,197.611008,800.0,34.0,455.50847999999996,1141.9484159999997,1,0.4248319999999999,0.5934119
0.0,400.0,0.022961999999999996,0.138518,2732.024064,1544.56512,123.44371199999998,372.336384,400.0,0.0,44.02406400000018,957.2666879999999,8,0.356126,0.0
0.0,500.0,0.018488,0.116352,2734.980864,1510.553856,99.39148800000001,312.754176,500.0,0.0,46.98086400000011,1021.069056,8,0.37986200000000003,0.0
782.8700542449951,1160.6526494026184,0.00871,0.043151999999999996,3269.7638399999996,1410.936576,46.824960000000004,115.99257599999999,1400.0,34.0,581.7638399999996,1219.067136,6,0.453522,0.5934119
309.01700258255005,951.0565400123596,0.010509,0.059325,2908.8944639999995,1435.784448,56.496384,159.4656,1000.0,18.0,220.89446399999952,1172.482752,5,0.43619149999999995,0.31415927
782.8700542449951,1160.6526494026184,0.006955,0.040395,3237.728256,1411.842432,37.390080000000005,108.58176,1400.0,34.0,549.7282559999999,1221.866688,7,0.4545635,0.5934119
282.84270763397217,282.84270763397217,0.031359,0.145072,3433.89312,1560.486144,168.585984,389.95353600000004,400.0,45.0,745.8931200000002,932.537088,6,0.346926,0.7853982
353.5533845424652,353.5533845424652,0.025662000000000004,0.11551300000000002,3437.0058239999994,1521.56928,137.95891200000003,310.49894400000005,500.0,45.0,749.0058239999994,1011.1812480000001,6,0.37618350000000006,0.7853982
167.75786876678467,248.7112820148468,0.026063999999999997,0.187794,3149.9220479999994,1595.4059519999996,140.12006399999999,504.79027199999996,300.0,34.0,461.92204799999945,840.1989120000003,3,0.31257400000000013,0.5934119
111.83857917785645,165.8075213432312,0.041907,0.254729,3166.200576,1693.3405440000001,225.292032,684.711552,200.0,34.0,478.2005760000002,652.30368,3,0.24267249999999999,0.5934119
1131.3708305358887,1131.3708305358887,0.007791,0.041616,3433.2318719999994,1392.136704,41.884416,111.863808,1600.0,45.0,745.2318719999994,1239.931392,6,0.46128399999999997,0.7853982
1555.634891986847,1555.634891986847,0.005417189221432111,0.02596514833720903,3435.0577939034374,1384.1751717265154,29.12280925441903,69.79431873041787,2200.0,45.0,747.0577939034374,1268.9276689082758,6,0.47207130539742403,0.7853982
167.75786876678467,248.7112820148468,0.0276,0.173263,3149.2446720000003,1607.12832,148.3776,465.730944,300.0,34.0,461.24467200000026,848.006208,1,0.3154785,0.5934119
111.83857917785645,165.8075213432312,0.041105,0.232056,3143.5031040000003,1706.130048,220.98048,623.766528,200.0,34.0,455.50310400000035,669.986688,1,0.24925099999999997,0.5934119
154.50850129127502,475.5282700061798,0.019189,0.107467,2904.744192,1513.8224639999999,103.160064,288.871296,500.0,18.0,216.7441920000001,1029.7418880000002,2,0.3830885000000001,0.31415927
123.60680103302002,380.42261600494385,0.027090999999999997,0.136883,2904.448512,1554.6182399999996,145.641216,367.941504,400.0,18.0,216.44851199999994,949.4110080000005,2,0.35320350000000017,0.31415927
282.84270763397217,282.84270763397217,0.020811000000000003,0.138718,3334.630656,1544.33664,111.87993600000001,372.873984,400.0,45.0,646.6306559999998,957.2263680000001,4,0.356111,0.7853982
353.5533845424652,353.5533845424652,0.017234,0.11274699999999999,3316.121088,1506.519168,92.64998399999999,303.06393599999996,500.0,45.0,628.1210879999999,1029.948864,4,0.3831655,0.7853982
447.3543167114258,663.2300853729248,0.01221,0.069452,3143.169792,1451.2968959999998,65.64096,186.686976,800.0,34.0,455.16979200000014,1143.3596160000002,2,0.4253570000000001,0.5934119
0.0,100.0,0.093513,0.323503,2669.673216,1888.2958079999999,502.725888,869.576064,100.0,0.0,-18.32678399999986,364.9161600000002,1,0.1357575000000001,0.0
1118.3857917785645,1658.075213432312,0.004553242923484925,0.026936026557879425,3233.328538943886,1392.3535018066482,24.478233956654954,72.4040393875799,2000.0,34.0,545.3285389438861,1259.444478499562,7,0.46854333277513466,0.5934119
30.901700258255005,95.10565400123596,0.08735200000000001,0.348847,2984.0832,1870.197504,469.60435200000006,937.700736,100.0,18.0,296.08320000000003,348.9521279999999,8,0.12981849999999998,0.31415927
309.01700258255005,951.0565400123596,0.011524,0.060281,3032.434944,1436.7951360000002,61.953024,162.035328,1000.0,18.0,344.4349440000001,1170.1871999999998,6,0.43533749999999993,0.31415927
0.0,1000.0,0.008285,0.060247999999999996,2736.5560320000004,1439.9078399999999,44.54016,161.94662399999999,1000.0,0.0,48.556032000000414,1167.118848,1,0.434196,0.0
309.01700258255005,951.0565400123596,0.008775,0.05315099999999999,3001.549824,1441.216896,47.1744,142.86988799999997,1000.0,18.0,313.54982400000017,1175.34816,7,0.4372575,0.31415927
447.3543167114258,663.2300853729248,0.010008,0.075823,3142.185984,1440.114816,53.803008,203.81222400000001,800.0,34.0,454.1859840000002,1145.979072,3,0.42633150000000003,0.5934119
353.5533845424652,353.5533845424652,0.019856,0.114394,3322.265856,1502.3769599999998,106.74585599999999,307.491072,500.0,45.0,634.265856,1031.8775040000003,5,0.3838830000000001,0.7853982
282.84270763397217,282.84270763397217,0.025254,0.136121,3312.040704000001,1549.7932799999999,135.765504,365.89324799999997,400.0,45.0,624.0407040000009,955.2600960000002,5,0.35537950000000007,0.7853982
123.60680103302002,380.42261600494385,0.024036,0.147903,2919.51744,1544.285568,129.217536,397.563264,400.0,18.0,231.51744000000008,944.9328,3,0.3515375,0.31415927
154.50850129127502,475.5282700061798,0.018306,0.119944,2913.8672640000004,1504.761216,98.413056,322.409472,500.0,18.0,225.86726400000043,1022.034048,3,0.380221,0.31415927
1555.634891986847,1555.634891986847,0.0043135985590910765,0.024539582913939883,3404.349092127097,1389.138051217358,23.189905853673626,65.9623988726704,2200.0,45.0,716.3490921270968,1265.8807493463069,7,0.47093777877466775,0.7853982
1131.3708305358887,1131.3708305358887,0.006125,0.039845,3408.792576,1400.0206080000003,32.928000000000004,107.10336,1600.0,45.0,720.7925759999998,1234.4277119999997,8,0.4592364999999999,0.7853982
335.51573753356934,497.4225640296936,0.014063,0.08719000000000002,3241.991424,1497.7804799999997,75.602688,234.36672000000004,600.0,34.0,553.9914239999998,1073.0361600000003,7,0.39919500000000013,0.5934119
0.0,1400.0,0.007473,0.043456999999999996,2725.277184,1419.524736,40.174848,116.81241599999998,1400.0,0.0,37.277184000000034,1210.0690559999998,7,0.4501744999999999,0.0
559.1928958892822,829.037606716156,0.00958,0.062604,3129.3696000000004,1420.965504,51.50208,168.27955200000002,1000.0,34.0,441.36960000000045,1182.89472,3,0.440065,0.5934119
1272.7921843528748,1272.7921843528748,0.0050945353179611885,0.032774843878883714,3409.681187385461,1395.9161153748528,27.38822186935935,88.09878034643943,1800.0,45.0,721.6811873854608,1248.0344944519275,1,0.4642985470431278,0.7853982
353.5533845424652,353.5533845424652,0.019479,0.116992,3409.7011199999997,1510.889856,104.719104,314.474496,500.0,45.0,721.7011199999997,1019.8728960000001,8,0.379417,0.7853982
282.84270763397217,282.84270763397217,0.02326,0.140486,3396.9384959999993,1546.987008,125.04576,377.626368,400.0,45.0,708.9384959999993,952.1998079999998,8,0.3542409999999999,0.7853982
0.0,400.0,0.021557,0.131462,2719.3582079999996,1566.692736,115.890432,353.36985599999997,400.0,0.0,31.35820799999965,944.6223360000001,7,0.35142200000000007,0.0
0.0,500.0,0.017945,0.10697200000000001,2715.648768,1526.3270399999997,96.47232,287.54073600000004,500.0,0.0,27.648768000000018,1017.9025920000004,7,0.37868400000000013,0.0
70.71067690849304,70.71067690849304,0.08098100000000001,0.308973,3347.995392,1883.5998719999998,435.35385600000006,830.519424,100.0,45.0,659.9953919999998,389.1404160000002,2,0.14476950000000008,0.7853982
27.95964479446411,41.4518803358078,0.144227,0.380769,3234.5617920000004,2004.5088000000003,775.3643519999999,1023.5070720000001,50.0,34.0,546.5617920000004,171.73766399999977,4,0.06389049999999992,0.5934119
30.901700258255005,95.10565400123596,0.08003599999999998,0.340604,3033.526272,1887.4410239999997,430.2735359999999,915.5435520000001,100.0,18.0,345.52627200000006,342.7872000000002,4,0.12752500000000008,0.31415927
30.901700258255005,95.10565400123596,0.097763,0.315559,2958.966528,1899.3649920000005,525.573888,848.222592,100.0,18.0,270.9665279999999,364.5237119999997,5,0.13561149999999988,0.31415927
782.8700542449951,1160.6526494026184,0.007474999999999999,0.045394,3242.5881600000007,1403.829504,40.185599999999994,122.019072,1400.0,34.0,554.5881600000007,1223.16096,8,0.455045,0.5934119
70.71067690849304,70.71067690849304,0.070382,0.3597810000000001,3341.9312640000007,1826.4180480000002,378.373632,967.0913280000002,100.0,45.0,653.9312640000007,378.0362879999998,3,0.14063849999999992,0.7853982
0.0,500.0,0.022289,0.11203400000000001,2751.915264,1516.540032,119.825664,301.147392,500.0,0.0,63.91526400000021,1020.886272,6,0.37979399999999996,0.0
0.0,400.0,0.029987,0.136314,2743.905024,1552.1237760000001,161.210112,366.41203199999995,400.0,0.0,55.90502400000014,952.670208,6,0.354416,0.0
15.450850129127502,47.55282700061798,0.202331,0.367009,2894.906112,2185.8117119999997,1087.731456,986.520192,50.0,18.0,206.90611200000012,8.928192000000308,7,0.0033215000000001147,0.31415927
432.62380361557007,1331.4791560173035,0.008503,0.042996999999999994,3010.705152000001,1407.1088640000003,45.712128,115.57593599999998,1400.0,18.0,322.7051520000009,1223.1031679999996,1,0.45502349999999986,0.31415927
0.0,1400.0,0.008915,0.047123,2758.0439039999997,1413.065472,47.92704,126.666624,1400.0,0.0,70.04390399999966,1211.601216,6,0.4507445,0.0
35.35533845424652,35.35533845424652,0.14811407543698282,0.3385464581416743,3464.4783808647667,2037.6375344986195,796.2612695492196,910.0128794848205,50.0,45.0,776.4783808647667,195.3560257589702,1,0.07267709291628355,0.7853982
335.51573753356934,497.4225640296936,0.018633,0.09463799999999999,3269.371392,1487.7434879999998,100.171008,254.38694399999997,600.0,34.0,581.371392,1073.0630400000002,6,0.3992050000000001,0.5934119
335.51573753356934,497.4225640296936,0.013636000000000002,0.09356499999999998,3140.960256,1483.784064,73.30713600000001,251.50271999999995,600.0,34.0,452.96025599999984,1078.464576,4,0.40121450000000003,0.5934119
848.5281229019165,848.5281229019165,0.007711,0.051704,3413.5449599999997,1416.893184,41.454336,138.980352,1200.0,45.0,725.5449599999997,1201.61664,1,0.44703,0.7853982
0.0,500.0,0.020882,0.13858,2638.3311360000002,1551.908736,112.261632,372.50304,500.0,0.0,-49.66886399999976,949.8397439999999,4,0.353363,0.0
0.0,400.0,0.027778,0.178097,2639.4816,1609.867392,149.334528,478.724736,400.0,0.0,-48.51839999999993,838.7702399999998,4,0.31204249999999994,0.0
70.71067690849304,70.71067690849304,0.075706,0.327217,3345.022464,1873.181184,406.995456,879.5592959999999,100.0,45.0,657.0224640000001,375.03916800000025,1,0.13952350000000008,0.7853982
30.901700258255005,95.10565400123596,0.086175,0.298683,2983.38432,1949.0446080000002,463.2768,802.8599039999999,100.0,18.0,295.3843200000001,337.5254399999999,7,0.12556749999999997,0.31415927
27.95964479446411,41.4518803358078,0.18375700000000003,0.28256,3126.6439680000003,2176.50048,987.8776320000002,759.5212799999999,50.0,34.0,438.6439680000003,131.73887999999988,7,0.049009999999999956,0.5934119
309.01700258255005,951.0565400123596,0.010560999999999997,0.059279,3009.522432,1431.6933119999997,56.77593599999999,159.341952,1000.0,18.0,321.5224320000002,1176.6357120000002,8,0.4377365000000001,0.31415927
30.901700258255005,95.10565400123596,0.130475,0.356577,2996.302848,1899.733248,701.4336000000001,958.478976,100.0,18.0,308.3028479999998,309.02726399999983,6,0.11496549999999994,0.31415927
0.0,400.0,0.026438000000000003,0.135331,2663.7273600000003,1556.618112,142.13068800000002,363.76972800000004,400.0,0.0,-24.272639999999683,949.4970239999998,5,0.3532354999999999,0.0
0.0,500.0,0.021107,0.112057,2644.7823359999998,1516.74432,113.471232,301.209216,500.0,0.0,-43.21766400000024,1020.6510719999999,5,0.37970649999999995,0.0
559.1928958892822,829.037606716156,0.01014,0.057381,3242.996735999999,1433.1072,54.51264,154.240128,1000.0,34.0,554.9967359999991,1177.7727360000001,1,0.43815950000000004,0.5934119
335.51573753356934,497.4225640296936,0.017154,0.093146,3150.1155840000006,1487.224704,92.219904,250.376448,600.0,34.0,462.1155840000006,1075.587072,5,0.400144,0.5934119
1555.634891986847,1555.634891986847,0.006745999999999999,0.037039,3414.840576,1370.5493760000002,36.266496,99.560832,2200.0,45.0,726.840576,1267.6702079999998,8,0.4716034999999999,0.7853982
335.51573753356934,497.4225640296936,0.008651,0.08612700000000001,3142.718208,1486.3188480000001,46.50777600000001,231.50937600000003,600.0,34.0,454.7182079999998,1085.926464,1,0.4039905,0.5934119
154.50850129127502,475.5282700061798,0.018988,0.118531,2995.394304,1512.529536,102.07948800000001,318.611328,500.0,18.0,307.3943039999999,1016.1648,8,0.3780375,0.31415927
559.1928958892822,829.037606716156,0.010081,0.056822,3140.4710400000004,1434.026496,54.195456,152.737536,1000.0,34.0,452.47104000000036,1177.604736,5,0.438097,0.5934119
123.60680103302002,380.42261600494385,0.024701,0.147062,3000.23808,1554.6693120000002,132.792576,395.302656,400.0,18.0,312.2380800000001,935.6793599999999,8,0.34809499999999993,0.31415927
1272.7921843528748,1272.7921843528748,0.005304,0.031469,3403.8251520000003,1400.448,28.514304,84.58867199999999,1800.0,45.0,715.8251520000003,1245.257664,7,0.4632655,0.7853982
0.0,1400.0,0.007363,0.040936,2732.894976,1409.5388159999998,39.583487999999996,110.035968,1400.0,0.0,44.89497600000004,1223.4432000000002,1,0.45515000000000005,0.0
432.62380361557007,1331.4791560173035,0.008647,0.042639,3031.6500479999995,1412.162304,46.486272,114.61363200000001,1400.0,18.0,343.6500479999995,1218.53088,6,0.4533225,0.31415927
70.71067690849304,70.71067690849304,0.102165,0.343237,3397.2234240000003,1904.176512,549.23904,922.6210560000001,100.0,45.0,709.2234240000003,322.51296,4,0.1199825,0.7853982
0.0,500.0,0.032488,0.11405599999999999,2653.8677760000005,1525.499136,174.65548800000002,306.58252799999997,500.0,0.0,-34.132223999999496,1009.2096000000001,1,0.37545000000000006,0.0
0.0,400.0,0.021727,0.13775,2639.616,1553.626368,116.804352,370.27200000000005,400.0,0.0,-48.384000000000015,949.2376320000001,1,0.35313900000000004,0.0
30.901700258255005,95.10565400123596,0.112421,0.3204830000000001,2895.336192,1891.8466559999997,604.3752959999999,861.4583040000002,100.0,18.0,207.3361920000002,365.4241920000004,2,0.13594650000000014,0.31415927
27.95964479446411,41.4518803358078,0.159577,0.376655,3219.181056,2026.891776,857.885952,1012.4486400000001,50.0,34.0,531.1810559999999,154.88390400000026,2,0.057620500000000095,0.5934119
30.901700258255005,95.10565400123596,0.069668,0.357213,3001.60896,1838.688768,374.53516799999994,960.188544,100.0,18.0,313.60896,369.2169600000002,3,0.13735750000000008,0.31415927
70.71067690849304,70.71067690849304,0.098192,0.333236,3297.955584,1853.6017920000002,527.880192,895.7383679999999,100.0,45.0,609.9555839999998,386.52902399999994,5,0.14379799999999998,0.7853982
15.450850129127502,47.55282700061798,0.176521,0.378883,3012.903936,2040.68928,948.976896,1018.4375040000001,50.0,18.0,324.90393600000016,138.09196799999972,1,0.0513734999999999,0.31415927
432.62380361557007,1331.4791560173035,0.007347,0.039228,3004.931328,1415.1540479999999,39.497472,105.444864,1400.0,18.0,316.9313280000001,1220.12352,7,0.453915,0.31415927
1272.7921843528748,1272.7921843528748,0.006899,0.039066,3434.1404159999993,1383.3469440000001,37.089024,105.009408,1800.0,45.0,746.1404159999993,1252.148352,6,0.465829,0.7853982
35.35533845424652,35.35533845424652,0.193215,0.31840483992640267,3368.262912000002,2130.484392861086,1038.7238399999999,855.8722097221704,50.0,45.0,680.262912000002,129.57950227782885,7,0.048206660073597044,0.7853982
335.51573753356934,497.4225640296936,0.015988,0.093088,3147.2716800000007,1485.64416,85.951488,250.22054400000002,600.0,34.0,459.27168000000074,1077.2455679999998,2,0.4007609999999999,0.5934119
111.83857917785645,165.8075213432312,0.046019,0.245535,3253.006848,1704.264576,247.39814399999997,659.99808,200.0,34.0,565.006848,653.736384,8,0.24320550000000002,0.5934119
167.75786876678467,248.7112820148468,0.030947999999999996,0.18091,3240.0453119999997,1604.219904,166.37644799999998,486.28607999999997,300.0,34.0,552.0453119999997,840.637056,8,0.312737,0.5934119
848.5281229019165,848.5281229019165,0.007261,0.04300899999999999,3404.7390720000003,1426.0888319999997,39.035136,115.60819199999997,1200.0,45.0,716.7390720000003,1204.1070720000002,7,0.4479565000000001,0.7853982
559.1928958892822,829.037606716156,0.012442,0.061413999999999996,3265.043712,1432.5212159999999,66.888192,165.080832,1000.0,34.0,577.0437120000001,1172.938368,6,0.43636100000000005,0.5934119
0.0,100.0,0.081723,0.331432,2649.986304,1856.1930240000004,439.342848,890.889216,100.0,0.0,-38.01369599999998,386.3623679999996,8,0.14373599999999986,0.0
15.450850129127502,47.55282700061798,0.15008099999999994,0.4476844719411218,2879.1329279999986,1949.3503302888694,806.8354559999997,1203.3758605777355,50.0,18.0,191.13292799999863,136.96173942226278,3,0.050953028058877525,0.31415927
70.71067690849304,70.71067690849304,0.089577,0.291301,3389.51424,1968.527232,481.56595200000004,783.017088,100.0,45.0,701.51424,327.9642240000003,7,0.1220105000000001,0.7853982
0.0,400.0,0.021972000000000002,0.135391,2623.627776,1559.3303039999998,118.12147200000001,363.931008,400.0,0.0,-64.37222400000019,946.7041920000001,2,0.3521965000000001,0.0
0.0,500.0,0.020496,0.109566,2647.84128,1529.8187519999997,110.186496,294.51340799999997,500.0,0.0,-40.1587199999999,1010.9245440000004,2,0.37608800000000014,0.0
0.0,1000.0,0.008986,0.06135500000000001,2729.2554240000004,1433.8840319999997,48.308735999999996,164.92224000000002,1000.0,0.0,41.2554240000004,1171.6548480000004,8,0.43588350000000015,0.0
27.95964479446411,41.4518803358078,0.195952161913523,0.3201471941122353,3147.9521619135216,2106.8776448942044,1053.4388224470997,860.5556577736885,50.0,34.0,459.95216191352165,150.84452621895116,1,0.05611775528978838,0.5934119
30.901700258255005,95.10565400123596,0.071441,0.32626600000000006,2912.9210879999996,1869.439488,384.066816,877.0030080000001,100.0,18.0,224.9210879999996,380.0590080000002,1,0.14139100000000007,0.31415927
70.71067690849304,70.71067690849304,0.11213800000000002,0.340252,3403.3681920000004,1879.3582079999996,602.8538880000001,914.5973759999999,100.0,45.0,715.3681920000004,351.3431040000005,6,0.13070800000000019,0.7853982
15.450850129127502,47.55282700061798,0.164741,0.294888,2856.4408320000002,2128.26432,885.647616,792.6589439999999,50.0,18.0,168.44083200000023,163.40620799999988,2,0.060790999999999956,0.31415927
559.1928958892822,829.037606716156,0.009499,0.054149,3234.680064,1437.305856,51.066624000000004,145.552512,1000.0,34.0,546.6800640000001,1177.917888,7,0.4382135,0.5934119
848.5281229019165,848.5281229019165,0.009557,0.050515,3429.3073919999997,1415.949696,51.378432,135.78431999999998,1200.0,45.0,741.3073919999997,1204.158144,6,0.44797549999999997,0.7853982
335.51573753356934,497.4225640296936,0.011437999999999999,0.100731,3134.052096,1471.8735359999998,61.49068799999999,270.764928,600.0,34.0,446.0520959999999,1080.7440000000001,3,0.40206250000000004,0.5934119
35.35533845424652,35.35533845424652,0.15552,0.39486399999999994,3337.2702720000007,2022.757632,836.07552,1061.3944319999998,50.0,45.0,649.2702720000007,134.54515200000014,4,0.05005400000000006,0.7853982
1414.2135381698608,1414.2135381698608,0.005543640359767025,0.029612863693934958,3433.5697180892907,1389.4893789454798,29.802610574107526,79.59937760929716,2000.0,45.0,745.5697180892907,1258.7109322498716,6,0.46827043610486296,0.7853982
0.0,900.0,0.010685,0.063869,2634.34752,1441.74912,57.44256,171.679872,900.0,0.0,-53.652480000000196,1160.410944,2,0.4317005,0.0
55.91928958892822,82.9037606716156,0.08494600000000001,0.314469,3147.3523200000004,1893.209472,456.66969600000004,845.292672,100.0,34.0,459.3523200000004,372.14419199999975,1,0.13844649999999992,0.5934119
0.0,800.0,0.012741,0.069584,2625.482496,1454.277888,68.495616,187.041792,800.0,0.0,-62.51750399999992,1140.201216,2,0.42418199999999995,0.0
494.9747383594513,494.9747383594513,0.01256,0.082696,3310.196736,1462.3983359999997,67.52256,222.28684800000002,700.0,45.0,622.1967359999999,1114.4582400000002,4,0.41460500000000006,0.7853982
424.26406145095825,424.26406145095825,0.015537,0.095802,3309.0785280000005,1482.0126719999998,83.526912,257.515776,600.0,45.0,621.0785280000005,1077.22944,4,0.40075500000000003,0.7853982
0.0,200.0,0.044125,0.237169,2646.266112,1716.494976,237.21599999999998,637.510272,200.0,0.0,-41.733888000000206,652.749888,1,0.2428385,0.0
0.0,300.0,0.029295,0.16807099999999997,2626.9824000000003,1602.89472,157.48992,451.7748479999999,300.0,0.0,-61.017599999999675,859.217856,1,0.3196495,0.0
185.41020154953003,570.6339240074158,0.016195,0.094747,2918.103552,1489.576704,87.06432000000001,254.679936,600.0,18.0,230.10355200000004,1071.083328,2,0.3984685,0.31415927
61.80340051651001,190.21130800247192,0.04955699999999999,0.258427,3003.5281919999998,1726.467456,266.41843199999994,694.651776,200.0,18.0,315.52819199999976,614.2066559999998,8,0.22849949999999994,0.31415927
92.70510077476501,285.3169620037079,0.031355,0.184904,2991.5719679999997,1611.869952,168.56448,497.02195200000006,300.0,18.0,303.57196799999974,827.619072,8,0.307894,0.31415927
0.0,1200.0,0.007924,0.049315,2729.0027520000003,1421.36064,42.599424,132.55872,1200.0,0.0,41.00275200000033,1200.36,1,0.4465625,0.0
370.82040309906006,1141.2678480148315,0.009407,0.050039,3029.9351040000006,1422.607872,50.572032,134.504832,1200.0,18.0,341.9351040000006,1198.139712,6,0.4457365,0.31415927
370.82040309906006,1141.2678480148315,0.008637,0.046652,3006.845184,1425.024384,46.432512,125.400576,1200.0,18.0,318.8451839999998,1200.275328,7,0.44653099999999996,0.31415927
185.41020154953003,570.6339240074158,0.015978,0.10090099999999999,2903.771136,1479.967104,85.897728,271.221888,600.0,18.0,215.77113599999984,1072.421952,3,0.39896649999999995,0.31415927
424.26406145095825,424.26406145095825,0.01688,0.10162,3314.605056,1477.90272,90.74687999999999,273.15456,600.0,45.0,626.6050559999999,1073.52,5,0.399375,0.7853982
1414.2135381698608,1414.2135381698608,0.004880030693113042,0.02692731221735592,3408.297133737052,1395.2898897676196,26.235045006175714,72.38061524025271,2000.0,45.0,720.2971337370518,1256.5198026122541,7,0.46745528370991596,0.7853982
279.5964479446411,414.518803358078,0.017963,0.11564499999999998,3231.45984,1510.787712,96.569088,310.85375999999997,500.0,34.0,543.45984,1021.785408,8,0.3801285,0.5934119
223.6771583557129,331.6150426864624,0.025081,0.141523,3230.2072319999997,1549.6884479999999,134.835456,380.41382400000003,400.0,34.0,542.2072319999997,948.10464,8,0.3527175,0.5934119
247.21360206604004,760.8452320098877,0.011599,0.073169,3007.1354880000004,1451.635584,62.356224,196.678272,800.0,18.0,319.13548800000035,1138.0252799999998,8,0.42337249999999993,0.31415927
989.9494767189026,989.9494767189026,0.007153999999999999,0.042086,3404.255232,1421.17248,38.459903999999995,113.127168,1400.0,45.0,716.255232,1210.263936,7,0.450247,0.7853982
0.0,800.0,0.010805,0.056226000000000005,2628.2081279999998,1430.698752,58.08768,151.135488,800.0,0.0,-59.79187200000024,1181.733504,1,0.439633,0.0
55.91928958892822,82.9037606716156,0.078878,0.31757,3146.045952,1869.4099200000003,424.048128,853.6281600000001,100.0,34.0,458.04595199999994,391.77599999999984,2,0.14574999999999994,0.5934119
0.0,900.0,0.011069,0.061972,2631.0412799999995,1439.7949439999998,59.506944000000004,166.580736,900.0,0.0,-56.95872000000054,1164.9146880000003,1,0.4333760000000001,0.0
424.26406145095825,424.26406145095825,0.014561,0.08688000000000001,3410.18496,1500.379776,78.27993599999999,233.53344000000004,600.0,45.0,722.18496,1070.853504,7,0.398383,0.7853982
0.0,300.0,0.028466,0.162964,2630.5251839999996,1626.4147199999995,153.033216,438.047232,300.0,0.0,-57.474816000000374,842.5616640000005,2,0.3134530000000002,0.0
0.0,200.0,0.044542,0.22363,2654.760192,1721.3925120000001,239.45779199999998,601.11744,200.0,0.0,-33.23980799999981,666.0487679999999,2,0.24778599999999995,0.0
0.0,1600.0,0.006822,0.041036,2730.4112640000003,1406.762112,36.675072,110.30476800000001,1600.0,0.0,42.4112640000003,1226.0855040000001,8,0.45613300000000007,0.0
185.41020154953003,570.6339240074158,0.013785,0.086472,2906.1150720000005,1478.744064,74.10816,232.436736,600.0,18.0,218.1150720000005,1093.037568,1,0.406636,0.31415927
894.7086334228516,1326.4601707458496,0.007354,0.037754,3270.2745599999994,1401.466752,39.535104000000004,101.482752,1600.0,34.0,582.2745599999994,1235.791872,6,0.459744,0.5934119
0.0,700.0,0.012217,0.083961,2731.529472,1463.693952,65.67859200000001,225.68716799999999,700.0,0.0,43.52947200000017,1111.462464,8,0.4134905,0.0
0.0,600.0,0.0159,0.097469,2718.0410880000004,1485.163008,85.47840000000001,261.996672,600.0,0.0,30.0410880000004,1071.838656,8,0.3987495,0.0
894.7086334228516,1326.4601707458496,0.006051,0.035437,3241.10976,1403.8160639999999,32.530176,95.25465600000001,1600.0,34.0,553.1097599999998,1236.556608,7,0.46002850000000006,0.5934119
424.26406145095825,424.26406145095825,0.019194,0.098537,3430.393344,1489.52832,103.186944,264.867456,600.0,45.0,742.3933440000001,1066.0379520000001,6,0.39659150000000004,0.7853982
55.91928958892822,82.9037606716156,0.078547,0.363985,3140.14848,1830.901632,422.26867200000004,978.39168,100.0,34.0,452.14847999999984,367.9025280000001,3,0.13686850000000003,0.5934119
556.2306046485901,1711.9017720222473,0.005916,0.030679,3005.361408,1400.724864,31.804416,82.465152,1800.0,18.0,317.3614080000002,1246.0425599999999,7,0.46355749999999996,0.31415927
989.9494767189026,989.9494767189026,0.008635,0.04538600000000001,3429.37728,1405.7406720000004,46.42176,121.99756800000003,1400.0,45.0,741.3772800000002,1221.2605439999995,6,0.4543379999999998,0.7853982
0.0,50.0,0.20109300000000002,0.385189,2688.2795520000004,2021.0265600000005,1081.075968,1035.388032,50.0,0.0,0.2795520000004217,149.27942399999938,6,0.05553549999999977,0.0
55.91928958892822,82.9037606716156,0.08377600000000002,0.280798,3182.3930880000003,1945.2894719999995,450.3797760000001,754.785024,100.0,34.0,494.39308800000026,365.3180160000006,7,0.13590700000000022,0.5934119
0.0,800.0,0.012506,0.087314,2634.3959040000004,1473.8949119999997,67.23225599999999,234.70003200000002,800.0,0.0,-53.60409599999957,1096.7550720000002,4,0.4080190000000001,0.0
0.0,300.0,0.028526,0.160724,2714.310143999999,1635.4087679999998,153.355776,432.026112,300.0,0.0,26.310143999999127,836.5781760000002,7,0.3112270000000001,0.0
0.0,200.0,0.042065,0.213449,2697.348864,1735.7061119999998,226.14144,573.750912,200.0,0.0,9.348864000000049,665.4184320000002,7,0.24755150000000006,0.0
424.26406145095825,424.26406145095825,0.014912000000000002,0.090606,3319.642368,1490.4503040000002,80.16691200000001,243.54892800000002,600.0,45.0,631.6423679999998,1075.7752319999997,2,0.4002139999999999,0.7853982
494.9747383594513,494.9747383594513,0.014233,0.080442,3319.89504,1467.000192,76.516608,216.228096,700.0,45.0,631.8950399999999,1112.8857600000001,2,0.41402000000000005,0.7853982
185.41020154953003,570.6339240074158,0.0147,0.095763,2904.2926079999997,1484.3969280000001,79.0272,257.41094400000003,600.0,18.0,216.29260799999975,1074.8975999999998,4,0.3998874999999999,0.31415927
0.0,1200.0,0.007128,0.045319000000000005,2724.77184,1422.672384,38.320128,121.81747200000001,1200.0,0.0,36.771839999999884,1204.41888,7,0.4480725,0.0
141.42135381698608,141.42135381698608,0.047387,0.250198,3406.346495999999,1706.525184,254.752512,672.5322239999999,200.0,45.0,718.3464959999992,645.2087039999999,8,0.24003299999999997,0.7853982
212.13203072547913,212.13203072547913,0.031918,0.179133,3413.475072,1608.59328,171.591168,481.509504,300.0,45.0,725.4750720000002,838.6519679999999,8,0.31199849999999996,0.7853982
370.82040309906006,1141.2678480148315,0.00893,0.04905,3010.4094720000003,1417.73184,48.00768,131.84640000000002,1200.0,18.0,322.4094720000003,1204.3449600000001,1,0.448045,0.31415927
0.0,1200.0,0.009483,0.049446,2759.7319680000005,1418.3823359999997,50.980608000000004,132.910848,1200.0,0.0,71.7319680000005,1203.1622400000003,6,0.44760500000000014,0.0
185.41020154953003,570.6339240074158,0.017182,0.095022,2913.915648,1487.3510400000002,92.370432,255.41913599999998,600.0,18.0,225.91564800000015,1072.9393919999998,5,0.39915899999999993,0.31415927
671.0314750671387,994.8451280593872,0.008332,0.051002,3240.57216,1412.7724799999999,44.792832000000004,137.093376,1200.0,34.0,552.5721600000002,1206.6808320000002,8,0.4489140000000001,0.5934119
424.26406145095825,424.26406145095825,0.010968,0.10454,3323.878656,1470.239232,58.963968,281.00352,600.0,45.0,635.8786559999999,1077.259008,3,0.400766,0.7853982
0.0,200.0,0.05643,0.23437000000000002,2727.814656,1704.48768,303.36768,629.98656,200.0,0.0,39.814656000000014,668.5190400000001,6,0.24870500000000004,0.0
0.0,300.0,0.03768,0.178243,2763.608064,1607.2492800000002,202.56768,479.117184,300.0,0.0,75.60806400000001,841.1921279999997,6,0.3129434999999999,0.0
55.91928958892822,82.9037606716156,0.110473,0.340509,3255.022848,1875.2321280000003,593.9028480000001,915.288192,100.0,34.0,567.0228480000001,355.12377599999945,6,0.1321144999999998,0.5934119
0.0,800.0,0.016534,0.07657,2649.362688,1453.0467840000001,88.886784,205.82016,800.0,0.0,-38.63731199999984,1132.0431359999998,5,0.42114699999999994,0.0
0.0,50.0,0.19127000000000005,0.2660768831646739,2711.9930879999993,2193.9360349733206,1028.2675200000003,715.2146619466436,50.0,0.0,23.99308799999926,136.45663405335745,7,0.05076511683532643,0.0
1414.2135381698608,1414.2135381698608,0.0058379999999999994,0.035066,3419.4048000000003,1379.89824,31.385087999999996,94.257408,2000.0,45.0,731.4048000000003,1260.973056,1,0.46911200000000003,0.7853982
565.6854152679443,565.6854152679443,0.011825,0.075383,3405.851904,1448.176128,63.571200000000005,202.62950400000003,800.0,45.0,717.8519040000001,1138.50912,8,0.4235525,0.7853982
989.9494767189026,989.9494767189026,0.007352,0.047197,3404.8197120000004,1412.8262400000003,39.524352,126.865536,1400.0,45.0,716.8197120000004,1211.7409919999998,1,0.45079649999999993,0.7853982
0.0,800.0,0.011001,0.065648,2722.6913280000003,1461.5462400000004,59.141376,176.461824,800.0,0.0,34.69132800000034,1138.2228479999997,7,0.4234459999999999,0.0
55.91928958892822,82.9037606716156,0.080778,0.3215,3166.039296,1877.3475840000003,434.26252800000003,864.192,100.0,34.0,478.0392959999999,378.55641599999944,4,0.1408319999999998,0.5934119
0.0,200.0,0.053047,0.269033,2637.57312,1780.1253119999997,285.18067199999996,723.160704,200.0,0.0,-50.42687999999998,546.2943360000004,4,0.20323450000000015,0.0
0.0,300.0,0.040948000000000005,0.23768700000000004,2639.1429120000003,1702.393728,220.13644800000003,638.9026560000001,300.0,0.0,-48.85708799999975,666.1549439999999,4,0.24782549999999995,0.0
494.9747383594513,494.9747383594513,0.010945,0.072413,3308.890368,1449.7029119999997,58.84032,194.64614400000002,700.0,45.0,620.8903679999999,1140.9740160000003,1,0.4244695000000001,0.7853982
424.26406145095825,424.26406145095825,0.01266,0.095604,3317.991936000001,1484.009856,68.06016,256.983552,600.0,45.0,629.9919360000008,1075.498368,1,0.400111,0.7853982
185.41020154953003,570.6339240074158,0.0147,0.08672,3002.20032,1501.1404799999998,79.0272,233.10336,600.0,18.0,314.2003199999999,1070.3078400000002,7,0.3981800000000001,0.31415927
894.7086334228516,1326.4601707458496,0.007094,0.036055,3241.9269120000004,1400.509824,38.137344,96.91583999999999,1600.0,34.0,553.9269120000004,1239.032256,1,0.4609495,0.5934119
494.4272041320801,1521.6904640197754,0.006804,0.03943,3013.30176,1397.811072,36.578304,105.98784,1600.0,18.0,325.30175999999983,1237.1950080000001,8,0.46026600000000006,0.31415927
185.41020154953003,570.6339240074158,0.020407,0.09453899999999998,3035.3648639999997,1490.326656,109.708032,254.12083199999995,600.0,18.0,347.36486399999967,1070.612928,6,0.3982935,0.31415927
0.0,300.0,0.03435,0.17765700000000004,2617.665792,1609.3324799999998,184.66559999999998,477.5420160000001,300.0,0.0,-70.33420800000022,839.8965120000003,5,0.3124615000000001,0.0
0.0,200.0,0.051216,0.23458,2721.562368,1720.3549440000002,275.337216,630.5510400000001,200.0,0.0,33.56236799999988,652.3695359999997,5,0.24269699999999989,0.0
0.0,800.0,0.013665,0.07337,2761.285632,1451.5441919999998,73.46304,197.21856000000002,800.0,0.0,73.28563200000008,1137.846528,6,0.423306,0.0
55.91928958892822,82.9037606716156,0.105803,0.32974599999999993,3179.0330879999997,1859.835264,568.796928,886.3572479999998,100.0,34.0,491.0330879999997,384.98611200000005,5,0.14322400000000002,0.5934119
1697.056245803833,1697.056245803833,0.003115376737121238,0.023581005456364323,3406.2523723537197,1380.4766877655202,16.748265338763776,63.3857426667073,2400.0,45.0,718.2523723537197,1275.8304409011262,8,0.47463930093047846,0.7853982
1006.547212600708,1492.2676920890808,0.00617519432480151,0.03326184215858973,3241.042429122742,1391.5590796268293,33.19784469013292,89.4078317222892,1800.0,34.0,553.0424291227419,1251.737004512026,8,0.46567596894048585,0.5934119
556.2306046485901,1711.9017720222473,0.004674461116890686,0.03224387142712114,3013.3042873068475,1394.165494279117,25.129902964404327,86.67152639610161,1800.0,18.0,325.3042873068475,1250.4987425228323,1,0.46521530599807753,0.31415927
0.0,700.0,0.014045999999999998,0.082583,2707.412736,1465.433088,75.51129599999999,221.983104,700.0,0.0,19.412736000000223,1111.57536,2,0.4135325,0.0
0.0,600.0,0.016378,0.09662100000000001,2710.251264,1485.1898879999999,88.048128,259.71724800000004,600.0,0.0,22.251263999999992,1072.9514880000002,2,0.39916350000000006,0.0
350.0,606.21777176857,0.013197999999999998,0.08177300000000001,3095.839488,1465.261056,70.95244799999999,219.80582400000003,700.0,30.0,407.8394880000001,1112.836032,2,0.41400149999999997,0.5235988
300.0,519.6152329444885,0.015943,0.095163,3109.516032,1487.6010240000003,85.70956799999999,255.79814399999998,600.0,30.0,421.516032,1072.4999039999998,2,0.39899549999999995,0.5235988
141.42135381698608,141.42135381698608,0.048326,0.232427,3379.590144,1706.4714239999998,259.800576,624.763776,200.0,45.0,691.5901439999998,669.1466880000003,2,0.2489385000000001,0.7853982
212.13203072547913,212.13203072547913,0.035671,0.174679,3372.913152,1606.493952,191.76729600000002,469.537152,300.0,45.0,684.9131520000001,846.737472,2,0.3150065,0.7853982
50.0,86.60253882408142,0.088061,0.32946999999999993,3123.757056,1887.6157440000004,473.415936,885.6153599999998,100.0,30.0,435.7570559999999,357.5765759999995,2,0.1330269999999998,0.5235988
353.5533845424652,353.5533845424652,0.018741,0.11118800000000001,3377.9988480000006,1510.285056,100.751616,298.87334400000003,500.0,45.0,689.9988480000006,1028.278272,2,0.382544,0.7853982
282.84270763397217,282.84270763397217,0.025383,0.134829,3380.4341760000007,1546.417152,136.45900799999998,362.42035200000004,400.0,45.0,692.4341760000007,960.372672,2,0.3572815,0.7853982
0.0,100.0,0.08418900000000001,0.329164,2706.864384,1883.0622720000001,452.6000640000001,884.7928320000001,100.0,0.0,18.864383999999973,362.54131199999983,2,0.13487399999999994,0.0
70.71067690849304,70.71067690849304,0.123923,0.328832,3350.80704,1884.266496,666.210048,883.9004160000001,100.0,45.0,662.8070400000001,361.78329600000006,2,0.13459200000000002,0.7853982
200.0,346.4101552963257,0.023195,0.137705,3106.962432,1552.680192,124.69632,370.15103999999997,400.0,30.0,418.9624319999998,950.2442879999999,2,0.3535134999999999,0.5235988
250.0,433.0126941204071,0.019372,0.111924,3108.2204159999997,1512.852096,104.143872,300.85171199999996,500.0,30.0,420.22041599999966,1024.7220479999999,2,0.3812209999999999,0.5235988
0.0,400.0,0.030533,0.139467,2708.014848,1555.1101439999998,164.145408,374.887296,400.0,0.0,20.0148479999998,945.4462080000003,2,0.3517285000000001,0.0
0.0,500.0,0.018743,0.112074,2711.14368,1512.5913600000003,100.762368,301.254912,500.0,0.0,23.14368000000013,1024.7811839999997,2,0.3812429999999999,0.0
0.0,300.0,0.030153,0.17474,2720.250624,1609.504512,162.102528,469.70112,300.0,0.0,32.25062399999979,843.6449279999999,2,0.31385599999999997,0.0
0.0,200.0,0.04334099999999999,0.228507,2727.088896,1706.769792,233.00121599999994,614.226816,200.0,0.0,39.088896000000204,674.1168,2,0.2507875,0.0
424.26406145095825,424.26406145095825,0.016733,0.094155,3371.708928,1484.324352,89.956608,253.08864,600.0,45.0,683.708928,1077.131328,2,0.4007185,0.7853982
494.9747383594513,494.9747383594513,0.01348,0.080443,3373.11744,1464.5756159999999,72.46848,216.230784,700.0,45.0,685.11744,1115.3089920000002,2,0.41492150000000005,0.7853982
150.0,259.80761647224426,0.036035,0.17482,3099.382272,1605.30048,193.72415999999998,469.91616,300.0,30.0,411.38227199999983,847.7414399999998,2,0.31537999999999994,0.5235988
100.0,173.20507764816284,0.04491,0.23235,3119.596032,1706.164992,241.43616,624.5568,200.0,30.0,431.5960319999999,669.5566080000001,2,0.24909100000000003,0.5235988
